city,cohort_week,weeks_since_acquisition,cohort_size,active_customers,revenue
Berlin,2024-01-01,0,631,609,130320.43
Berlin,2024-01-01,4,631,448,106965.71
Berlin,2024-01-01,8,631,336,71948.26
Berlin,2024-01-01,12,631,261,58520.85
Berlin,2024-01-08,0,615,550,129876.54
Berlin,2024-01-08,4,615,451,97750.42
Berlin,2024-01-08,8,615,341,73217.07
Berlin,2024-01-08,12,615,237,54042.8
Berlin,2024-01-15,0,613,569,133147.38
Berlin,2024-01-15,4,613,437,91685.79
Berlin,2024-01-15,8,613,326,70725.52
Berlin,2024-01-15,12,613,225,46596.07
Berlin,2024-01-22,0,606,606,136870.99
Berlin,2024-01-22,4,606,439,99982.34
Berlin,2024-01-22,8,606,330,71931.19
Berlin,2024-01-22,12,606,238,51571.51
Berlin,2024-01-29,0,618,618,134483.96
Berlin,2024-01-29,4,618,417,93480.26
Berlin,2024-01-29,8,618,338,81035.73
Berlin,2024-01-29,12,618,263,56893.56
Berlin,2024-02-05,0,602,586,130112.78
Berlin,2024-02-05,4,602,465,105283.24
Berlin,2024-02-05,8,602,314,66492.41
Berlin,2024-02-05,12,602,238,51934.43
Berlin,2024-02-12,0,616,570,123372.59
Berlin,2024-02-12,4,616,451,104759.46
Berlin,2024-02-12,8,616,326,72417.95
Berlin,2024-02-12,12,616,256,54863.13
Berlin,2024-02-19,0,631,631,135145.64
Berlin,2024-02-19,4,631,449,103109.24
Berlin,2024-02-19,8,631,359,78287.05
Berlin,2024-02-19,12,631,264,60149.6
Berlin,2024-02-26,0,589,589,137420.56
Berlin,2024-02-26,4,589,448,96726.01
Berlin,2024-02-26,8,589,322,75013.52
Berlin,2024-02-26,12,589,220,48591.22
Berlin,2024-03-04,0,621,560,122343.35
Berlin,2024-03-04,4,621,479,108753.84
Berlin,2024-03-04,8,621,317,71848.69
Berlin,2024-03-04,12,621,255,51539.66
Berlin,2024-03-11,0,641,626,130987.93
Berlin,2024-03-11,4,641,470,109497.56
Berlin,2024-03-11,8,641,363,79282.0
Berlin,2024-03-11,12,641,273,66388.87
Berlin,2024-03-18,0,629,629,140462.38
Berlin,2024-03-18,4,629,435,105752.68
Berlin,2024-03-18,8,629,353,78430.31
Berlin,2024-03-18,12,629,257,50677.62
Berlin,2024-03-25,0,622,622,136872.71
Berlin,2024-03-25,4,622,475,96437.71
Berlin,2024-03-25,8,622,328,73675.13
Berlin,2024-03-25,12,622,253,54138.4
Berlin,2024-04-01,0,643,643,148873.65
Berlin,2024-04-01,4,643,471,103944.65
Berlin,2024-04-01,8,643,350,84362.02
Berlin,2024-04-01,12,643,271,53965.97
Berlin,2024-04-08,0,654,622,139137.79
Berlin,2024-04-08,4,654,480,96405.02
Berlin,2024-04-08,8,654,355,78460.94
Berlin,2024-04-08,12,654,255,57100.11
Berlin,2024-04-15,0,648,648,149051.95
Berlin,2024-04-15,4,648,496,113961.75
Berlin,2024-04-15,8,648,367,90596.62
Berlin,2024-04-15,12,648,258,58774.67
Berlin,2024-04-22,0,662,662,145078.4
Berlin,2024-04-22,4,662,455,102377.93
Berlin,2024-04-22,8,662,390,82195.89
Berlin,2024-04-22,12,662,278,60817.82
Berlin,2024-04-29,0,636,620,146724.2
Berlin,2024-04-29,4,636,479,95899.41
Berlin,2024-04-29,8,636,363,76337.88
Berlin,2024-04-29,12,636,268,57136.3
Berlin,2024-05-06,0,659,652,146460.09
Berlin,2024-05-06,4,659,492,113096.07
Berlin,2024-05-06,8,659,360,71886.27
Berlin,2024-05-06,12,659,277,60115.05
Berlin,2024-05-13,0,639,597,143990.21
Berlin,2024-05-13,4,639,470,99935.97
Berlin,2024-05-13,8,639,344,72812.46
Berlin,2024-05-13,12,639,258,54347.66
Berlin,2024-05-20,0,644,597,140566.65
Berlin,2024-05-20,4,644,476,104414.7
Berlin,2024-05-20,8,644,375,88428.81
Berlin,2024-05-20,12,644,270,53559.99
Berlin,2024-05-27,0,645,645,138646.72
Berlin,2024-05-27,4,645,490,105291.76
Berlin,2024-05-27,8,645,376,78289.98
Berlin,2024-05-27,12,645,249,53829.51
Berlin,2024-06-03,0,643,643,146981.04
Berlin,2024-06-03,4,643,474,95436.93
Berlin,2024-06-03,8,643,343,76256.6
Berlin,2024-06-03,12,643,273,59286.24
Berlin,2024-06-10,0,648,648,138490.91
Berlin,2024-06-10,4,648,432,99163.08
Berlin,2024-06-10,8,648,367,81359.9
Berlin,2024-06-10,12,648,256,57292.84
Berlin,2024-06-17,0,651,651,151755.31
Berlin,2024-06-17,4,651,486,106617.7
Berlin,2024-06-17,8,651,361,82512.59
Berlin,2024-06-17,12,651,281,58740.97
Berlin,2024-06-24,0,665,655,152164.76
Berlin,2024-06-24,4,665,497,107472.91
Berlin,2024-06-24,8,665,354,74473.36
Berlin,2024-06-24,12,665,285,67251.37
Berlin,2024-07-01,0,662,629,145047.05
Berlin,2024-07-01,4,662,511,116999.01
Berlin,2024-07-01,8,662,345,79434.36
Berlin,2024-07-01,12,662,265,62154.32
Berlin,2024-07-08,0,643,629,143607.04
Berlin,2024-07-08,4,643,482,97945.98
Berlin,2024-07-08,8,643,347,84801.02
Berlin,2024-07-08,12,643,270,57496.85
Berlin,2024-07-15,0,643,626,142399.4
Berlin,2024-07-15,4,643,457,100662.0
Berlin,2024-07-15,8,643,348,76836.34
Berlin,2024-07-15,12,643,261,56450.54
Berlin,2024-07-22,0,660,660,150331.62
Berlin,2024-07-22,4,660,497,115661.82
Berlin,2024-07-22,8,660,358,75492.34
Berlin,2024-07-22,12,660,278,65735.18
Berlin,2024-07-29,0,645,619,122452.85
Berlin,2024-07-29,4,645,491,107799.53
Berlin,2024-07-29,8,645,369,87777.17
Berlin,2024-07-29,12,645,243,55342.5
Berlin,2024-08-05,0,666,666,139367.61
Berlin,2024-08-05,4,666,473,97822.41
Berlin,2024-08-05,8,666,380,87535.74
Berlin,2024-08-05,12,666,239,52467.81
Berlin,2024-08-12,0,658,658,149687.54
Berlin,2024-08-12,4,658,470,107390.98
Berlin,2024-08-12,8,658,350,81903.46
Berlin,2024-08-12,12,658,267,54681.3
Berlin,2024-08-19,0,631,631,141127.96
Berlin,2024-08-19,4,631,462,107854.34
Berlin,2024-08-19,8,631,344,75934.41
Berlin,2024-08-19,12,631,252,56198.8
Berlin,2024-08-26,0,629,615,127101.45
Berlin,2024-08-26,4,629,443,104118.6
Berlin,2024-08-26,8,629,342,75863.01
Berlin,2024-08-26,12,629,256,49895.58
Berlin,2024-09-02,0,652,652,141898.55
Berlin,2024-09-02,4,652,486,111572.86
Berlin,2024-09-02,8,652,357,79883.67
Berlin,2024-09-02,12,652,259,59300.36
Berlin,2024-09-09,0,637,637,137100.74
Berlin,2024-09-09,4,637,421,83355.18
Berlin,2024-09-09,8,637,363,83943.28
Berlin,2024-09-09,12,637,288,63420.7
Berlin,2024-09-16,0,651,651,141072.62
Berlin,2024-09-16,4,651,514,103059.83
Berlin,2024-09-16,8,651,380,87282.79
Berlin,2024-09-16,12,651,271,64217.43
Berlin,2024-09-23,0,638,638,130748.74
Berlin,2024-09-23,4,638,442,95564.4
Berlin,2024-09-23,8,638,341,73645.36
Berlin,2024-09-23,12,638,262,54425.31
Berlin,2024-09-30,0,636,600,129746.55
Berlin,2024-09-30,4,636,484,99809.17
Berlin,2024-09-30,8,636,351,75856.27
Berlin,2024-09-30,12,636,253,56895.56
Berlin,2024-10-07,0,652,627,134252.78
Berlin,2024-10-07,4,652,467,102222.7
Berlin,2024-10-07,8,652,383,83729.05
Berlin,2024-10-07,12,652,279,64620.38
Berlin,2024-10-14,0,655,655,140375.75
Berlin,2024-10-14,4,655,516,121000.4
Berlin,2024-10-14,8,655,337,70998.91
Berlin,2024-10-14,12,655,259,54538.66
Berlin,2024-10-21,0,652,631,129902.09
Berlin,2024-10-21,4,652,444,93276.34
Berlin,2024-10-21,8,652,375,80556.89
Berlin,2024-10-21,12,652,267,62126.12
Berlin,2024-10-28,0,633,633,131989.99
Berlin,2024-10-28,4,633,442,96036.6
Berlin,2024-10-28,8,633,340,75895.52
Berlin,2024-10-28,12,633,253,55910.58
Berlin,2024-11-04,0,619,610,129304.38
Berlin,2024-11-04,4,619,462,103140.4
Berlin,2024-11-04,8,619,331,82180.73
Berlin,2024-11-04,12,619,263,59987.04
Berlin,2024-11-11,0,624,586,135815.28
Berlin,2024-11-11,4,624,502,113968.06
Berlin,2024-11-11,8,624,338,73705.98
Berlin,2024-11-11,12,624,261,56516.69
Berlin,2024-11-18,0,628,606,132755.37
Berlin,2024-11-18,4,628,449,90208.69
Berlin,2024-11-18,8,628,344,72797.34
Berlin,2024-11-18,12,628,259,57473.69
Berlin,2024-11-25,0,641,640,143831.24
Berlin,2024-11-25,4,641,470,102119.08
Berlin,2024-11-25,8,641,335,75346.47
Berlin,2024-11-25,12,641,263,61205.0
Berlin,2024-12-02,0,636,623,127883.46
Berlin,2024-12-02,4,636,459,106093.18
Berlin,2024-12-02,8,636,360,78462.36
Berlin,2024-12-02,12,636,249,55378.89
Berlin,2024-12-09,0,635,612,141725.33
Berlin,2024-12-09,4,635,441,88733.48
Berlin,2024-12-09,8,635,356,78702.98
Berlin,2024-12-09,12,635,257,58808.38
Berlin,2024-12-16,0,635,635,143859.97
Berlin,2024-12-16,4,635,491,110402.38
Berlin,2024-12-16,8,635,358,76721.64
Berlin,2024-12-16,12,635,250,56287.92
Berlin,2024-12-23,0,618,618,136070.56
Berlin,2024-12-23,4,618,497,113903.63
Berlin,2024-12-23,8,618,348,83586.03
Berlin,2024-12-23,12,618,252,57643.7
Berlin,2024-12-30,0,641,641,157062.46
Berlin,2024-12-30,4,641,461,109861.37
Berlin,2024-12-30,8,641,340,76789.27
Berlin,2024-12-30,12,641,260,59293.41
Berlin,2025-01-06,0,640,640,150877.92
Berlin,2025-01-06,4,640,488,112805.28
Berlin,2025-01-06,8,640,339,73721.14
Berlin,2025-01-06,12,640,288,61118.08
Berlin,2025-01-13,0,622,606,124663.1
Berlin,2025-01-13,4,622,445,103344.41
Berlin,2025-01-13,8,622,355,82092.33
Berlin,2025-01-13,12,622,253,59000.76
Berlin,2025-01-20,0,627,626,144585.86
Berlin,2025-01-20,4,627,442,96243.87
Berlin,2025-01-20,8,627,331,67975.9
Berlin,2025-01-20,12,627,250,58185.35
Berlin,2025-01-27,0,670,670,126150.64
Berlin,2025-01-27,4,670,494,104957.34
Berlin,2025-01-27,8,670,381,80206.43
Berlin,2025-01-27,12,670,290,63718.3
Berlin,2025-02-03,0,632,614,136690.94
Berlin,2025-02-03,4,632,478,103265.45
Berlin,2025-02-03,8,632,353,76608.04
Berlin,2025-02-03,12,632,255,60117.94
Berlin,2025-02-10,0,639,639,132599.53
Berlin,2025-02-10,4,639,476,106541.52
Berlin,2025-02-10,8,639,346,75415.58
Berlin,2025-02-10,12,639,247,50480.83
Berlin,2025-02-17,0,642,642,130484.76
Berlin,2025-02-17,4,642,499,110095.64
Berlin,2025-02-17,8,642,355,81259.4
Berlin,2025-02-17,12,642,262,55361.26
Berlin,2025-02-24,0,619,610,136405.77
Berlin,2025-02-24,4,619,466,97663.42
Berlin,2025-02-24,8,619,337,72444.13
Berlin,2025-02-24,12,619,251,54055.46
Berlin,2025-03-03,0,629,629,139807.8
Berlin,2025-03-03,4,629,460,109773.16
Berlin,2025-03-03,8,629,373,79412.6
Berlin,2025-03-03,12,629,256,60027.27
Berlin,2025-03-10,0,647,647,137530.25
Berlin,2025-03-10,4,647,490,110636.75
Berlin,2025-03-10,8,647,377,79938.31
Berlin,2025-03-10,12,647,258,58515.1
Berlin,2025-03-17,0,646,630,135198.2
Berlin,2025-03-17,4,646,486,102102.52
Berlin,2025-03-17,8,646,342,76696.71
Berlin,2025-03-17,12,646,265,60119.49
Berlin,2025-03-24,0,665,648,139343.24
Berlin,2025-03-24,4,665,465,102804.58
Berlin,2025-03-24,8,665,381,84777.91
Berlin,2025-03-24,12,665,280,64970.81
Berlin,2025-03-31,0,643,592,121405.61
Berlin,2025-03-31,4,643,465,95238.25
Berlin,2025-03-31,8,643,322,69839.76
Berlin,2025-03-31,12,643,229,48272.36
Berlin,2025-04-07,0,666,656,149310.32
Berlin,2025-04-07,4,666,495,102620.74
Berlin,2025-04-07,8,666,359,81455.88
Berlin,2025-04-07,12,666,253,55813.26
Berlin,2025-04-14,0,649,649,147548.78
Berlin,2025-04-14,4,649,500,110763.27
Berlin,2025-04-14,8,649,332,65591.5
Berlin,2025-04-14,12,649,275,59251.34
Berlin,2025-04-21,0,667,663,147726.12
Berlin,2025-04-21,4,667,547,115731.49
Berlin,2025-04-21,8,667,399,88676.18
Berlin,2025-04-21,12,667,276,65617.13
Berlin,2025-04-28,0,646,631,130456.9
Berlin,2025-04-28,4,646,471,106295.28
Berlin,2025-04-28,8,646,345,78372.6
Berlin,2025-04-28,12,646,249,52964.77
Berlin,2025-05-05,0,647,636,148675.75
Berlin,2025-05-05,4,647,487,116187.01
Berlin,2025-05-05,8,647,341,78993.48
Berlin,2025-05-05,12,647,262,54995.0
Berlin,2025-05-12,0,650,650,131456.38
Berlin,2025-05-12,4,650,502,111315.57
Berlin,2025-05-12,8,650,360,80182.7
Berlin,2025-05-12,12,650,246,56903.98
Berlin,2025-05-19,0,656,656,151895.44
Berlin,2025-05-19,4,656,493,109469.25
Berlin,2025-05-19,8,656,365,84402.6
Berlin,2025-05-19,12,656,262,52678.32
Berlin,2025-05-26,0,668,653,134981.3
Berlin,2025-05-26,4,668,496,112342.62
Berlin,2025-05-26,8,668,347,75465.83
Berlin,2025-05-26,12,668,262,54997.93
Berlin,2025-06-02,0,688,639,133638.77
Berlin,2025-06-02,4,688,539,115407.45
Berlin,2025-06-02,8,688,351,74634.86
Berlin,2025-06-02,12,688,257,54397.59
Berlin,2025-06-09,0,649,649,139848.51
Berlin,2025-06-09,4,649,514,119734.77
Berlin,2025-06-09,8,649,348,71189.32
Berlin,2025-06-09,12,649,261,54115.28
Berlin,2025-06-16,0,658,658,145234.98
Berlin,2025-06-16,4,658,490,110862.55
Berlin,2025-06-16,8,658,365,76183.44
Berlin,2025-06-16,12,658,269,61592.17
Berlin,2025-06-23,0,666,634,152517.85
Berlin,2025-06-23,4,666,485,103058.15
Berlin,2025-06-23,8,666,363,85661.51
Berlin,2025-06-23,12,666,272,61316.93
Berlin,2025-06-30,0,671,655,135457.91
Berlin,2025-06-30,4,671,465,110045.37
Berlin,2025-06-30,8,671,398,84519.23
Berlin,2025-06-30,12,671,263,55100.88
Berlin,2025-07-07,0,655,624,118388.46
Berlin,2025-07-07,4,655,483,108400.91
Berlin,2025-07-07,8,655,383,88183.25
Berlin,2025-07-07,12,655,271,62817.04
Berlin,2025-07-14,0,651,651,140247.2
Berlin,2025-07-14,4,651,485,95773.8
Berlin,2025-07-14,8,651,369,81818.66
Berlin,2025-07-14,12,651,262,63612.31
Berlin,2025-07-21,0,672,636,142006.43
Berlin,2025-07-21,4,672,505,105172.84
Berlin,2025-07-21,8,672,390,91700.18
Berlin,2025-07-21,12,672,303,67739.09
Berlin,2025-07-28,0,677,666,150816.84
Berlin,2025-07-28,4,677,509,102827.92
Berlin,2025-07-28,8,677,381,85672.26
Berlin,2025-07-28,12,677,276,59021.82
Berlin,2025-08-04,0,667,654,145638.0
Berlin,2025-08-04,4,667,486,102011.99
Berlin,2025-08-04,8,667,392,84736.99
Berlin,2025-08-04,12,667,257,52366.18
Berlin,2025-08-11,0,657,642,144922.93
Berlin,2025-08-11,4,657,480,103748.35
Berlin,2025-08-11,8,657,356,75156.76
Berlin,2025-08-11,12,657,262,54191.09
Berlin,2025-08-18,0,677,676,145502.89
Berlin,2025-08-18,4,677,495,109109.59
Berlin,2025-08-18,8,677,372,85307.15
Berlin,2025-08-18,12,677,255,58375.23
Berlin,2025-08-25,0,693,693,142181.4
Berlin,2025-08-25,4,693,523,111525.38
Berlin,2025-08-25,8,693,345,71860.95
Berlin,2025-08-25,12,693,272,55267.46
Berlin,2025-09-01,0,701,701,159975.26
Berlin,2025-09-01,4,701,507,112819.49
Berlin,2025-09-01,8,701,403,88217.5
Berlin,2025-09-01,12,701,280,68227.19
Berlin,2025-09-08,0,654,654,141265.32
Berlin,2025-09-08,4,654,485,103839.3
Berlin,2025-09-08,8,654,355,82755.49
Berlin,2025-09-08,12,654,263,55638.51
Berlin,2025-09-15,0,671,657,145111.15
Berlin,2025-09-15,4,671,506,110160.97
Berlin,2025-09-15,8,671,370,78669.5
Berlin,2025-09-15,12,671,267,55965.65
Berlin,2025-09-22,0,658,628,129321.95
Berlin,2025-09-22,4,658,502,107533.0
Berlin,2025-09-22,8,658,393,83707.47
Berlin,2025-09-22,12,658,271,56955.3
Berlin,2025-09-29,0,659,659,152836.1
Berlin,2025-09-29,4,659,485,110480.5
Berlin,2025-09-29,8,659,378,83857.14
Berlin,2025-09-29,12,659,247,62337.62
Berlin,2025-10-06,0,723,682,145189.33
Berlin,2025-10-06,4,723,444,98237.93
Berlin,2025-10-06,8,723,264,57471.86
Berlin,2025-10-13,0,712,712,162902.77
Berlin,2025-10-13,4,712,450,112909.31
Berlin,2025-10-13,8,712,258,52304.0
Berlin,2025-10-20,0,719,719,157543.04
Berlin,2025-10-20,4,719,424,91115.65
Berlin,2025-10-20,8,719,269,61019.62
Berlin,2025-10-27,0,735,709,155440.94
Berlin,2025-10-27,4,735,441,101251.81
Berlin,2025-10-27,8,735,286,63725.61
Berlin,2025-11-03,0,699,699,156304.43
Berlin,2025-11-03,4,699,416,98747.26
Berlin,2025-11-10,0,716,716,151003.68
Berlin,2025-11-10,4,716,438,102432.68
Berlin,2025-11-17,0,691,684,143543.07
Berlin,2025-11-17,4,691,421,98222.89
Berlin,2025-11-24,0,700,644,137134.84
Berlin,2025-11-24,4,700,439,98759.08
Berlin,2025-12-01,0,685,662,156139.4
Berlin,2025-12-08,0,688,657,156232.63
Berlin,2025-12-15,0,719,719,174940.71
Berlin,2025-12-22,0,695,695,162241.83
Munich,2024-01-01,0,424,421,100367.81
Munich,2024-01-01,4,424,260,62900.54
Munich,2024-01-01,8,424,157,37065.87
Munich,2024-01-01,12,424,107,24545.63
Munich,2024-01-08,0,381,381,79403.05
Munich,2024-01-08,4,381,235,56753.61
Munich,2024-01-08,8,381,155,34069.29
Munich,2024-01-08,12,381,92,20195.07
Munich,2024-01-15,0,404,404,97762.61
Munich,2024-01-15,4,404,260,60635.62
Munich,2024-01-15,8,404,152,32760.14
Munich,2024-01-15,12,404,98,22650.2
Munich,2024-01-22,0,392,385,82404.4
Munich,2024-01-22,4,392,232,56763.8
Munich,2024-01-22,8,392,147,33233.95
Munich,2024-01-22,12,392,94,21933.57
Munich,2024-01-29,0,394,393,90801.39
Munich,2024-01-29,4,394,235,55321.82
Munich,2024-01-29,8,394,151,34286.74
Munich,2024-01-29,12,394,90,19745.41
Munich,2024-02-05,0,379,369,90625.65
Munich,2024-02-05,4,379,243,52086.59
Munich,2024-02-05,8,379,149,33644.65
Munich,2024-02-05,12,379,96,22159.22
Munich,2024-02-12,0,393,393,84595.93
Munich,2024-02-12,4,393,241,59152.16
Munich,2024-02-12,8,393,152,32828.75
Munich,2024-02-12,12,393,93,21981.63
Munich,2024-02-19,0,411,411,97408.7
Munich,2024-02-19,4,411,274,64920.18
Munich,2024-02-19,8,411,162,39368.55
Munich,2024-02-19,12,411,100,23752.95
Munich,2024-02-26,0,387,381,91124.03
Munich,2024-02-26,4,387,258,56341.69
Munich,2024-02-26,8,387,149,35174.03
Munich,2024-02-26,12,387,100,22825.2
Munich,2024-03-04,0,412,412,100608.82
Munich,2024-03-04,4,412,254,59545.58
Munich,2024-03-04,8,412,151,36788.57
Munich,2024-03-04,12,412,100,24098.08
Munich,2024-03-11,0,416,416,93010.14
Munich,2024-03-11,4,416,263,64816.07
Munich,2024-03-11,8,416,165,38183.24
Munich,2024-03-11,12,416,99,22381.51
Munich,2024-03-18,0,415,398,91800.44
Munich,2024-03-18,4,415,258,60622.38
Munich,2024-03-18,8,415,171,39432.85
Munich,2024-03-18,12,415,97,23528.17
Munich,2024-03-25,0,421,421,91998.06
Munich,2024-03-25,4,421,262,59267.89
Munich,2024-03-25,8,421,156,36216.19
Munich,2024-03-25,12,421,105,26037.23
Munich,2024-04-01,0,422,418,101376.56
Munich,2024-04-01,4,422,258,57236.55
Munich,2024-04-01,8,422,160,37307.8
Munich,2024-04-01,12,422,98,24207.79
Munich,2024-04-08,0,441,441,106121.12
Munich,2024-04-08,4,441,282,65304.22
Munich,2024-04-08,8,441,166,41520.68
Munich,2024-04-08,12,441,114,27786.29
Munich,2024-04-15,0,436,423,88971.52
Munich,2024-04-15,4,436,270,57327.05
Munich,2024-04-15,8,436,169,42140.17
Munich,2024-04-15,12,436,101,22996.46
Munich,2024-04-22,0,413,401,100587.28
Munich,2024-04-22,4,413,274,63673.43
Munich,2024-04-22,8,413,158,38580.63
Munich,2024-04-22,12,413,95,21089.57
Munich,2024-04-29,0,450,450,106085.07
Munich,2024-04-29,4,450,281,67911.19
Munich,2024-04-29,8,450,178,39111.68
Munich,2024-04-29,12,450,106,26109.86
Munich,2024-05-06,0,436,436,102846.38
Munich,2024-05-06,4,436,279,60827.32
Munich,2024-05-06,8,436,171,41931.9
Munich,2024-05-06,12,436,97,24944.17
Munich,2024-05-13,0,441,441,110472.97
Munich,2024-05-13,4,441,264,61901.49
Munich,2024-05-13,8,441,162,40829.05
Munich,2024-05-13,12,441,101,23632.93
Munich,2024-05-20,0,420,408,94639.1
Munich,2024-05-20,4,420,260,62519.93
Munich,2024-05-20,8,420,153,33949.49
Munich,2024-05-20,12,420,96,22858.12
Munich,2024-05-27,0,460,412,97414.27
Munich,2024-05-27,4,460,277,64304.13
Munich,2024-05-27,8,460,181,40165.3
Munich,2024-05-27,12,460,109,26446.45
Munich,2024-06-03,0,447,447,117282.29
Munich,2024-06-03,4,447,264,59353.88
Munich,2024-06-03,8,447,163,35390.18
Munich,2024-06-03,12,447,108,25082.95
Munich,2024-06-10,0,413,410,103757.42
Munich,2024-06-10,4,413,281,65945.5
Munich,2024-06-10,8,413,152,35235.82
Munich,2024-06-10,12,413,97,24376.08
Munich,2024-06-17,0,425,425,96325.29
Munich,2024-06-17,4,425,256,54028.11
Munich,2024-06-17,8,425,160,36807.69
Munich,2024-06-17,12,425,99,23798.36
Munich,2024-06-24,0,422,389,97496.94
Munich,2024-06-24,4,422,283,64284.7
Munich,2024-06-24,8,422,169,43195.09
Munich,2024-06-24,12,422,98,23677.63
Munich,2024-07-01,0,455,431,102236.47
Munich,2024-07-01,4,455,275,70485.69
Munich,2024-07-01,8,455,172,44991.79
Munich,2024-07-01,12,455,100,23547.43
Munich,2024-07-08,0,469,469,118045.89
Munich,2024-07-08,4,469,278,68313.48
Munich,2024-07-08,8,469,173,37141.04
Munich,2024-07-08,12,469,111,25470.54
Munich,2024-07-15,0,453,433,101890.39
Munich,2024-07-15,4,453,285,72322.13
Munich,2024-07-15,8,453,181,39630.59
Munich,2024-07-15,12,453,111,27741.47
Munich,2024-07-22,0,464,453,102388.45
Munich,2024-07-22,4,464,284,64892.15
Munich,2024-07-22,8,464,187,43792.53
Munich,2024-07-22,12,464,104,23027.22
Munich,2024-07-29,0,437,437,103931.32
Munich,2024-07-29,4,437,267,63194.31
Munich,2024-07-29,8,437,185,43836.72
Munich,2024-07-29,12,437,99,23621.12
Munich,2024-08-05,0,426,426,109264.33
Munich,2024-08-05,4,426,250,55032.68
Munich,2024-08-05,8,426,158,37487.31
Munich,2024-08-05,12,426,101,23395.67
Munich,2024-08-12,0,445,440,104896.65
Munich,2024-08-12,4,445,269,60840.18
Munich,2024-08-12,8,445,162,39006.6
Munich,2024-08-12,12,445,110,25364.28
Munich,2024-08-19,0,435,435,104823.53
Munich,2024-08-19,4,435,269,65241.51
Munich,2024-08-19,8,435,162,36324.94
Munich,2024-08-19,12,435,103,23386.3
Munich,2024-08-26,0,423,417,89255.3
Munich,2024-08-26,4,423,262,60141.67
Munich,2024-08-26,8,423,161,40622.86
Munich,2024-08-26,12,423,100,26247.64
Munich,2024-09-02,0,409,400,100362.94
Munich,2024-09-02,4,409,265,61738.97
Munich,2024-09-02,8,409,150,36051.87
Munich,2024-09-02,12,409,96,22776.84
Munich,2024-09-09,0,429,381,82571.27
Munich,2024-09-09,4,429,269,64540.24
Munich,2024-09-09,8,429,165,41673.6
Munich,2024-09-09,12,429,105,26764.29
Munich,2024-09-16,0,412,412,99084.34
Munich,2024-09-16,4,412,252,59029.86
Munich,2024-09-16,8,412,153,36891.41
Munich,2024-09-16,12,412,105,24262.08
Munich,2024-09-23,0,439,423,98818.9
Munich,2024-09-23,4,439,266,58048.58
Munich,2024-09-23,8,439,168,37767.26
Munich,2024-09-23,12,439,105,26092.44
Munich,2024-09-30,0,416,400,95165.46
Munich,2024-09-30,4,416,252,54900.22
Munich,2024-09-30,8,416,167,37095.2
Munich,2024-09-30,12,416,99,22372.88
Munich,2024-10-07,0,399,386,88487.48
Munich,2024-10-07,4,399,228,55902.92
Munich,2024-10-07,8,399,157,33717.2
Munich,2024-10-07,12,399,98,22969.13
Munich,2024-10-14,0,415,415,99810.34
Munich,2024-10-14,4,415,253,59921.53
Munich,2024-10-14,8,415,151,35394.59
Munich,2024-10-14,12,415,96,22949.83
Munich,2024-10-21,0,420,420,96268.08
Munich,2024-10-21,4,420,257,58452.69
Munich,2024-10-21,8,420,155,35841.91
Munich,2024-10-21,12,420,110,25619.85
Munich,2024-10-28,0,423,423,110559.85
Munich,2024-10-28,4,423,270,59950.25
Munich,2024-10-28,8,423,168,38736.09
Munich,2024-10-28,12,423,90,20050.86
Munich,2024-11-04,0,426,426,103109.59
Munich,2024-11-04,4,426,259,64508.39
Munich,2024-11-04,8,426,165,37480.29
Munich,2024-11-04,12,426,108,26716.91
Munich,2024-11-11,0,404,403,92585.6
Munich,2024-11-11,4,404,244,63830.34
Munich,2024-11-11,8,404,151,34618.9
Munich,2024-11-11,12,404,97,23158.74
Munich,2024-11-18,0,415,415,99622.63
Munich,2024-11-18,4,415,275,69174.65
Munich,2024-11-18,8,415,169,43525.68
Munich,2024-11-18,12,415,92,21634.68
Munich,2024-11-25,0,406,392,96180.05
Munich,2024-11-25,4,406,260,59933.27
Munich,2024-11-25,8,406,155,36839.38
Munich,2024-11-25,12,406,98,25661.98
Munich,2024-12-02,0,374,321,80782.9
Munich,2024-12-02,4,374,237,58634.91
Munich,2024-12-02,8,374,139,30986.75
Munich,2024-12-02,12,374,85,19994.91
Munich,2024-12-09,0,407,394,92933.5
Munich,2024-12-09,4,407,262,61809.22
Munich,2024-12-09,8,407,151,35650.86
Munich,2024-12-09,12,407,95,23511.15
Munich,2024-12-16,0,400,400,97368.01
Munich,2024-12-16,4,400,241,58411.74
Munich,2024-12-16,8,400,169,41213.38
Munich,2024-12-16,12,400,101,24743.2
Munich,2024-12-23,0,415,415,98113.63
Munich,2024-12-23,4,415,257,58909.35
Munich,2024-12-23,8,415,161,38105.42
Munich,2024-12-23,12,415,99,23669.6
Munich,2024-12-30,0,394,385,86841.74
Munich,2024-12-30,4,394,242,56483.14
Munich,2024-12-30,8,394,156,35949.47
Munich,2024-12-30,12,394,91,23518.17
Munich,2025-01-06,0,398,398,99173.94
Munich,2025-01-06,4,398,243,50702.44
Munich,2025-01-06,8,398,158,36795.38
Munich,2025-01-06,12,398,94,22137.48
Munich,2025-01-13,0,398,384,90810.25
Munich,2025-01-13,4,398,255,67555.43
Munich,2025-01-13,8,398,157,37374.67
Munich,2025-01-13,12,398,95,23706.24
Munich,2025-01-20,0,435,432,95936.17
Munich,2025-01-20,4,435,257,60004.13
Munich,2025-01-20,8,435,164,39825.86
Munich,2025-01-20,12,435,111,26297.95
Munich,2025-01-27,0,401,387,80681.09
Munich,2025-01-27,4,401,253,64825.42
Munich,2025-01-27,8,401,156,37684.75
Munich,2025-01-27,12,401,93,23577.43
Munich,2025-02-03,0,419,403,98552.88
Munich,2025-02-03,4,419,254,59982.48
Munich,2025-02-03,8,419,165,37536.38
Munich,2025-02-03,12,419,99,21507.14
Munich,2025-02-10,0,427,408,101553.88
Munich,2025-02-10,4,427,266,71531.98
Munich,2025-02-10,8,427,162,38797.46
Munich,2025-02-10,12,427,99,23708.15
Munich,2025-02-17,0,418,404,92454.65
Munich,2025-02-17,4,418,253,62439.49
Munich,2025-02-17,8,418,157,41984.99
Munich,2025-02-17,12,418,94,21460.67
Munich,2025-02-24,0,430,430,95327.71
Munich,2025-02-24,4,430,285,67330.41
Munich,2025-02-24,8,430,178,43220.44
Munich,2025-02-24,12,430,97,24668.59
Munich,2025-03-03,0,414,406,96075.37
Munich,2025-03-03,4,414,258,63523.82
Munich,2025-03-03,8,414,148,33035.32
Munich,2025-03-03,12,414,94,23130.78
Munich,2025-03-10,0,439,439,109692.24
Munich,2025-03-10,4,439,273,61982.4
Munich,2025-03-10,8,439,169,37228.68
Munich,2025-03-10,12,439,108,25739.43
Munich,2025-03-17,0,451,451,110255.57
Munich,2025-03-17,4,451,274,72455.2
Munich,2025-03-17,8,451,165,39179.58
Munich,2025-03-17,12,451,105,22330.3
Munich,2025-03-24,0,416,416,97271.05
Munich,2025-03-24,4,416,249,60224.91
Munich,2025-03-24,8,416,157,35132.39
Munich,2025-03-24,12,416,93,24264.58
Munich,2025-03-31,0,432,430,101849.38
Munich,2025-03-31,4,432,267,65448.21
Munich,2025-03-31,8,432,158,34334.91
Munich,2025-03-31,12,432,108,26534.7
Munich,2025-04-07,0,430,430,100686.82
Munich,2025-04-07,4,430,258,66639.65
Munich,2025-04-07,8,430,168,39137.09
Munich,2025-04-07,12,430,111,24441.66
Munich,2025-04-14,0,430,430,106540.58
Munich,2025-04-14,4,430,279,66478.67
Munich,2025-04-14,8,430,177,42786.76
Munich,2025-04-14,12,430,105,23033.02
Munich,2025-04-21,0,430,422,103030.22
Munich,2025-04-21,4,430,276,66897.19
Munich,2025-04-21,8,430,169,37524.51
Munich,2025-04-21,12,430,108,24342.74
Munich,2025-04-28,0,444,444,102935.41
Munich,2025-04-28,4,444,262,58618.99
Munich,2025-04-28,8,444,177,40430.93
Munich,2025-04-28,12,444,110,26745.55
Munich,2025-05-05,0,423,398,95185.42
Munich,2025-05-05,4,423,247,59427.7
Munich,2025-05-05,8,423,169,41443.12
Munich,2025-05-05,12,423,108,25890.54
Munich,2025-05-12,0,453,439,102652.98
Munich,2025-05-12,4,453,272,64476.28
Munich,2025-05-12,8,453,178,42825.73
Munich,2025-05-12,12,453,112,27486.74
Munich,2025-05-19,0,452,452,105060.74
Munich,2025-05-19,4,452,288,66927.83
Munich,2025-05-19,8,452,170,40391.59
Munich,2025-05-19,12,452,95,21119.67
Munich,2025-05-26,0,482,453,110562.99
Munich,2025-05-26,4,482,300,69565.08
Munich,2025-05-26,8,482,174,40688.31
Munich,2025-05-26,12,482,109,26132.81
Munich,2025-06-02,0,450,431,100621.16
Munich,2025-06-02,4,450,284,68527.76
Munich,2025-06-02,8,450,166,42788.77
Munich,2025-06-02,12,450,104,23891.25
Munich,2025-06-09,0,441,432,86052.87
Munich,2025-06-09,4,441,287,66626.81
Munich,2025-06-09,8,441,159,39283.12
Munich,2025-06-09,12,441,110,25639.95
Munich,2025-06-16,0,482,482,111268.07
Munich,2025-06-16,4,482,295,69484.01
Munich,2025-06-16,8,482,188,47363.79
Munich,2025-06-16,12,482,107,22743.2
Munich,2025-06-23,0,441,441,102274.45
Munich,2025-06-23,4,441,268,67851.55
Munich,2025-06-23,8,441,172,44313.12
Munich,2025-06-23,12,441,102,22639.18
Munich,2025-06-30,0,454,414,96338.38
Munich,2025-06-30,4,454,273,61689.22
Munich,2025-06-30,8,454,181,43978.14
Munich,2025-06-30,12,454,106,26664.01
Munich,2025-07-07,0,442,427,101397.42
Munich,2025-07-07,4,442,284,59525.49
Munich,2025-07-07,8,442,163,41633.76
Munich,2025-07-07,12,442,105,26362.8
Munich,2025-07-14,0,443,434,105407.69
Munich,2025-07-14,4,443,276,69962.86
Munich,2025-07-14,8,443,168,40111.82
Munich,2025-07-14,12,443,107,27646.99
Munich,2025-07-21,0,460,460,107434.29
Munich,2025-07-21,4,460,285,68186.24
Munich,2025-07-21,8,460,174,42613.81
Munich,2025-07-21,12,460,107,25861.12
Munich,2025-07-28,0,446,446,107499.76
Munich,2025-07-28,4,446,294,66183.07
Munich,2025-07-28,8,446,175,42630.38
Munich,2025-07-28,12,446,100,24080.24
Munich,2025-08-04,0,485,464,114240.17
Munich,2025-08-04,4,485,301,70314.39
Munich,2025-08-04,8,485,195,47720.21
Munich,2025-08-04,12,485,121,28071.51
Munich,2025-08-11,0,472,472,107854.37
Munich,2025-08-11,4,472,282,66717.23
Munich,2025-08-11,8,472,175,42733.35
Munich,2025-08-11,12,472,116,27691.81
Munich,2025-08-18,0,442,428,102458.56
Munich,2025-08-18,4,442,265,59500.92
Munich,2025-08-18,8,442,160,35264.41
Munich,2025-08-18,12,442,104,22106.59
Munich,2025-08-25,0,477,455,117835.66
Munich,2025-08-25,4,477,284,67315.55
Munich,2025-08-25,8,477,182,40161.71
Munich,2025-08-25,12,477,104,25817.12
Munich,2025-09-01,0,459,444,100401.02
Munich,2025-09-01,4,459,296,69688.65
Munich,2025-09-01,8,459,177,43852.92
Munich,2025-09-01,12,459,107,24865.46
Munich,2025-09-08,0,441,419,92016.85
Munich,2025-09-08,4,441,263,58537.23
Munich,2025-09-08,8,441,171,40300.51
Munich,2025-09-08,12,441,100,23279.68
Munich,2025-09-15,0,463,453,116000.97
Munich,2025-09-15,4,463,298,67779.67
Munich,2025-09-15,8,463,173,41707.35
Munich,2025-09-15,12,463,107,24742.64
Munich,2025-09-22,0,438,436,106572.63
Munich,2025-09-22,4,438,279,63886.27
Munich,2025-09-22,8,438,166,37654.58
Munich,2025-09-22,12,438,97,23167.98
Munich,2025-09-29,0,427,417,99612.68
Munich,2025-09-29,4,427,261,59236.11
Munich,2025-09-29,8,427,169,36739.7
Munich,2025-09-29,12,427,96,23340.72
Munich,2025-10-06,0,436,436,103877.97
Munich,2025-10-06,4,436,264,66256.71
Munich,2025-10-06,8,436,166,38219.03
Munich,2025-10-13,0,421,410,91498.61
Munich,2025-10-13,4,421,270,62773.75
Munich,2025-10-13,8,421,160,37957.62
Munich,2025-10-20,0,455,455,111950.37
Munich,2025-10-20,4,455,266,63897.8
Munich,2025-10-20,8,455,187,44291.68
Munich,2025-10-27,0,448,435,96096.09
Munich,2025-10-27,4,448,277,60738.77
Munich,2025-10-27,8,448,167,45028.29
Munich,2025-11-03,0,448,448,104433.7
Munich,2025-11-03,4,448,286,68525.59
Munich,2025-11-10,0,444,441,98723.04
Munich,2025-11-10,4,444,248,57886.42
Munich,2025-11-17,0,439,439,100678.2
Munich,2025-11-17,4,439,277,63568.09
Munich,2025-11-24,0,427,418,102153.01
Munich,2025-11-24,4,427,270,66664.93
Munich,2025-12-01,0,422,411,97025.98
Munich,2025-12-08,0,441,437,100177.93
Munich,2025-12-15,0,450,450,117402.81
Munich,2025-12-22,0,429,401,97118.63
Hamburg,2024-01-01,0,387,387,101725.67
Hamburg,2024-01-01,4,387,220,55491.83
Hamburg,2024-01-01,8,387,159,38407.24
Hamburg,2024-01-01,12,387,92,22401.71
Hamburg,2024-01-08,0,350,328,81070.02
Hamburg,2024-01-08,4,350,197,51763.21
Hamburg,2024-01-08,8,350,135,33729.87
Hamburg,2024-01-08,12,350,82,21926.98
Hamburg,2024-01-15,0,378,362,90923.36
Hamburg,2024-01-15,4,378,238,60427.87
Hamburg,2024-01-15,8,378,147,38222.79
Hamburg,2024-01-15,12,378,93,23845.84
Hamburg,2024-01-22,0,352,337,78634.28
Hamburg,2024-01-22,4,352,239,62684.28
Hamburg,2024-01-22,8,352,136,31619.34
Hamburg,2024-01-22,12,352,86,19724.71
Hamburg,2024-01-29,0,392,391,103655.36
Hamburg,2024-01-29,4,392,230,57624.19
Hamburg,2024-01-29,8,392,147,39523.36
Hamburg,2024-01-29,12,392,97,25064.95
Hamburg,2024-02-05,0,375,371,91500.61
Hamburg,2024-02-05,4,375,238,56687.48
Hamburg,2024-02-05,8,375,142,38738.7
Hamburg,2024-02-05,12,375,87,23159.62
Hamburg,2024-02-12,0,373,366,90217.12
Hamburg,2024-02-12,4,373,249,59296.21
Hamburg,2024-02-12,8,373,136,34213.32
Hamburg,2024-02-12,12,373,100,23408.16
Hamburg,2024-02-19,0,388,379,87773.38
Hamburg,2024-02-19,4,388,258,65589.67
Hamburg,2024-02-19,8,388,155,41141.78
Hamburg,2024-02-19,12,388,102,25410.36
Hamburg,2024-02-26,0,372,360,85498.73
Hamburg,2024-02-26,4,372,241,59497.77
Hamburg,2024-02-26,8,372,144,35516.79
Hamburg,2024-02-26,12,372,95,25426.7
Hamburg,2024-03-04,0,346,334,94161.87
Hamburg,2024-03-04,4,346,212,51813.38
Hamburg,2024-03-04,8,346,132,31984.94
Hamburg,2024-03-04,12,346,83,21822.18
Hamburg,2024-03-11,0,389,389,99545.61
Hamburg,2024-03-11,4,389,246,63118.13
Hamburg,2024-03-11,8,389,141,34002.68
Hamburg,2024-03-11,12,389,94,24210.86
Hamburg,2024-03-18,0,379,379,96237.53
Hamburg,2024-03-18,4,379,238,62127.38
Hamburg,2024-03-18,8,379,149,40609.44
Hamburg,2024-03-18,12,379,96,23196.67
Hamburg,2024-03-25,0,369,367,99552.0
Hamburg,2024-03-25,4,369,223,51839.47
Hamburg,2024-03-25,8,369,145,38581.06
Hamburg,2024-03-25,12,369,95,24009.21
Hamburg,2024-04-01,0,368,368,91846.86
Hamburg,2024-04-01,4,368,226,57103.1
Hamburg,2024-04-01,8,368,143,37137.52
Hamburg,2024-04-01,12,368,85,21969.82
Hamburg,2024-04-08,0,406,382,93358.35
Hamburg,2024-04-08,4,406,260,63928.32
Hamburg,2024-04-08,8,406,165,41940.09
Hamburg,2024-04-08,12,406,106,25524.93
Hamburg,2024-04-15,0,408,401,99219.94
Hamburg,2024-04-15,4,408,249,57415.22
Hamburg,2024-04-15,8,408,171,42770.45
Hamburg,2024-04-15,12,408,98,25244.85
Hamburg,2024-04-22,0,408,390,89867.9
Hamburg,2024-04-22,4,408,266,62574.11
Hamburg,2024-04-22,8,408,170,44259.39
Hamburg,2024-04-22,12,408,101,27927.84
Hamburg,2024-04-29,0,419,417,96127.23
Hamburg,2024-04-29,4,419,269,67738.76
Hamburg,2024-04-29,8,419,168,41856.5
Hamburg,2024-04-29,12,419,107,27552.06
Hamburg,2024-05-06,0,417,400,101241.37
Hamburg,2024-05-06,4,417,266,68051.53
Hamburg,2024-05-06,8,417,161,39704.53
Hamburg,2024-05-06,12,417,97,26060.79
Hamburg,2024-05-13,0,404,392,100868.4
Hamburg,2024-05-13,4,404,252,59320.82
Hamburg,2024-05-13,8,404,155,38120.09
Hamburg,2024-05-13,12,404,99,26358.41
Hamburg,2024-05-20,0,411,395,108598.33
Hamburg,2024-05-20,4,411,265,61421.83
Hamburg,2024-05-20,8,411,163,41097.87
Hamburg,2024-05-20,12,411,97,23878.11
Hamburg,2024-05-27,0,417,402,98196.52
Hamburg,2024-05-27,4,417,272,70946.82
Hamburg,2024-05-27,8,417,169,43852.91
Hamburg,2024-05-27,12,417,101,24050.74
Hamburg,2024-06-03,0,420,420,101986.16
Hamburg,2024-06-03,4,420,274,69195.51
Hamburg,2024-06-03,8,420,166,40774.82
Hamburg,2024-06-03,12,420,114,24702.68
Hamburg,2024-06-10,0,412,401,92340.76
Hamburg,2024-06-10,4,412,249,61626.67
Hamburg,2024-06-10,8,412,164,40097.9
Hamburg,2024-06-10,12,412,99,25226.4
Hamburg,2024-06-17,0,404,404,108808.96
Hamburg,2024-06-17,4,404,257,61757.86
Hamburg,2024-06-17,8,404,162,44773.77
Hamburg,2024-06-17,12,404,100,24346.47
Hamburg,2024-06-24,0,410,410,103614.9
Hamburg,2024-06-24,4,410,261,61334.95
Hamburg,2024-06-24,8,410,164,40828.47
Hamburg,2024-06-24,12,410,102,22476.81
Hamburg,2024-07-01,0,406,385,92317.74
Hamburg,2024-07-01,4,406,256,61939.59
Hamburg,2024-07-01,8,406,158,38491.31
Hamburg,2024-07-01,12,406,106,25728.17
Hamburg,2024-07-08,0,414,396,97355.92
Hamburg,2024-07-08,4,414,268,65291.34
Hamburg,2024-07-08,8,414,150,40564.96
Hamburg,2024-07-08,12,414,102,24467.96
Hamburg,2024-07-15,0,381,381,93459.65
Hamburg,2024-07-15,4,381,244,61618.32
Hamburg,2024-07-15,8,381,153,40200.39
Hamburg,2024-07-15,12,381,88,22639.34
Hamburg,2024-07-22,0,412,404,98718.94
Hamburg,2024-07-22,4,412,279,66566.21
Hamburg,2024-07-22,8,412,168,38686.06
Hamburg,2024-07-22,12,412,102,25791.3
Hamburg,2024-07-29,0,398,398,88337.7
Hamburg,2024-07-29,4,398,237,64138.48
Hamburg,2024-07-29,8,398,157,36868.38
Hamburg,2024-07-29,12,398,90,22155.12
Hamburg,2024-08-05,0,397,397,95426.05
Hamburg,2024-08-05,4,397,264,65532.64
Hamburg,2024-08-05,8,397,152,39152.27
Hamburg,2024-08-05,12,397,98,25290.05
Hamburg,2024-08-12,0,405,405,100161.18
Hamburg,2024-08-12,4,405,249,65314.56
Hamburg,2024-08-12,8,405,161,40808.94
Hamburg,2024-08-12,12,405,101,26007.66
Hamburg,2024-08-19,0,398,398,101049.41
Hamburg,2024-08-19,4,398,233,55867.36
Hamburg,2024-08-19,8,398,162,39780.1
Hamburg,2024-08-19,12,398,99,24320.57
Hamburg,2024-08-26,0,400,400,99843.76
Hamburg,2024-08-26,4,400,259,63762.68
Hamburg,2024-08-26,8,400,169,41720.33
Hamburg,2024-08-26,12,400,96,25631.23
Hamburg,2024-09-02,0,415,397,104962.35
Hamburg,2024-09-02,4,415,259,64200.89
Hamburg,2024-09-02,8,415,155,35568.35
Hamburg,2024-09-02,12,415,100,28085.56
Hamburg,2024-09-09,0,392,391,102543.23
Hamburg,2024-09-09,4,392,240,63451.21
Hamburg,2024-09-09,8,392,158,39848.22
Hamburg,2024-09-09,12,392,97,24072.47
Hamburg,2024-09-16,0,413,413,107857.1
Hamburg,2024-09-16,4,413,244,62390.94
Hamburg,2024-09-16,8,413,165,45089.35
Hamburg,2024-09-16,12,413,101,26802.91
Hamburg,2024-09-23,0,377,374,96770.27
Hamburg,2024-09-23,4,377,223,56831.93
Hamburg,2024-09-23,8,377,155,41307.85
Hamburg,2024-09-23,12,377,93,23709.58
Hamburg,2024-09-30,0,388,382,94064.95
Hamburg,2024-09-30,4,388,255,63492.69
Hamburg,2024-09-30,8,388,155,38164.11
Hamburg,2024-09-30,12,388,97,23204.01
Hamburg,2024-10-07,0,402,402,107046.36
Hamburg,2024-10-07,4,402,258,65258.47
Hamburg,2024-10-07,8,402,182,48336.53
Hamburg,2024-10-07,12,402,100,24384.18
Hamburg,2024-10-14,0,392,391,99278.96
Hamburg,2024-10-14,4,392,245,62133.14
Hamburg,2024-10-14,8,392,148,36998.33
Hamburg,2024-10-14,12,392,101,25736.19
Hamburg,2024-10-21,0,375,349,96199.77
Hamburg,2024-10-21,4,375,217,53698.55
Hamburg,2024-10-21,8,375,155,41572.34
Hamburg,2024-10-21,12,375,94,22450.25
Hamburg,2024-10-28,0,382,382,104350.94
Hamburg,2024-10-28,4,382,243,64409.75
Hamburg,2024-10-28,8,382,147,37316.53
Hamburg,2024-10-28,12,382,96,23565.7
Hamburg,2024-11-04,0,395,367,95370.84
Hamburg,2024-11-04,4,395,264,68496.5
Hamburg,2024-11-04,8,395,160,39138.3
Hamburg,2024-11-04,12,395,101,24552.82
Hamburg,2024-11-11,0,379,379,85399.92
Hamburg,2024-11-11,4,379,246,60014.98
Hamburg,2024-11-11,8,379,156,38148.87
Hamburg,2024-11-11,12,379,94,24175.41
Hamburg,2024-11-18,0,396,396,103750.79
Hamburg,2024-11-18,4,396,250,59593.02
Hamburg,2024-11-18,8,396,162,39384.58
Hamburg,2024-11-18,12,396,92,21120.96
Hamburg,2024-11-25,0,369,369,92587.02
Hamburg,2024-11-25,4,369,224,54650.71
Hamburg,2024-11-25,8,369,146,36038.16
Hamburg,2024-11-25,12,369,96,26043.2
Hamburg,2024-12-02,0,393,367,91580.23
Hamburg,2024-12-02,4,393,250,59906.87
Hamburg,2024-12-02,8,393,152,35711.45
Hamburg,2024-12-02,12,393,98,23617.67
Hamburg,2024-12-09,0,368,361,89212.22
Hamburg,2024-12-09,4,368,228,57940.02
Hamburg,2024-12-09,8,368,140,35483.13
Hamburg,2024-12-09,12,368,87,20984.14
Hamburg,2024-12-16,0,383,352,96775.7
Hamburg,2024-12-16,4,383,259,67069.89
Hamburg,2024-12-16,8,383,146,37186.97
Hamburg,2024-12-16,12,383,99,23807.31
Hamburg,2024-12-23,0,398,359,97629.17
Hamburg,2024-12-23,4,398,266,71094.11
Hamburg,2024-12-23,8,398,159,41818.63
Hamburg,2024-12-23,12,398,98,22382.74
Hamburg,2024-12-30,0,397,377,89990.01
Hamburg,2024-12-30,4,397,249,63209.02
Hamburg,2024-12-30,8,397,160,38148.49
Hamburg,2024-12-30,12,397,105,26579.64
Hamburg,2025-01-06,0,417,417,111735.79
Hamburg,2025-01-06,4,417,255,68887.75
Hamburg,2025-01-06,8,417,163,43019.1
Hamburg,2025-01-06,12,417,107,28333.68
Hamburg,2025-01-13,0,400,400,104332.49
Hamburg,2025-01-13,4,400,259,62629.58
Hamburg,2025-01-13,8,400,145,31946.3
Hamburg,2025-01-13,12,400,94,23280.81
Hamburg,2025-01-20,0,371,359,93896.13
Hamburg,2025-01-20,4,371,233,62064.37
Hamburg,2025-01-20,8,371,142,31007.78
Hamburg,2025-01-20,12,371,83,20270.12
Hamburg,2025-01-27,0,398,388,98712.23
Hamburg,2025-01-27,4,398,238,57737.4
Hamburg,2025-01-27,8,398,162,40181.44
Hamburg,2025-01-27,12,398,101,26227.48
Hamburg,2025-02-03,0,402,373,89325.28
Hamburg,2025-02-03,4,402,241,65382.94
Hamburg,2025-02-03,8,402,152,38713.57
Hamburg,2025-02-03,12,402,98,23573.44
Hamburg,2025-02-10,0,371,371,90605.83
Hamburg,2025-02-10,4,371,245,59213.61
Hamburg,2025-02-10,8,371,156,41185.47
Hamburg,2025-02-10,12,371,92,21762.15
Hamburg,2025-02-17,0,384,384,92422.44
Hamburg,2025-02-17,4,384,225,58372.45
Hamburg,2025-02-17,8,384,155,38315.49
Hamburg,2025-02-17,12,384,89,22637.85
Hamburg,2025-02-24,0,410,407,92557.12
Hamburg,2025-02-24,4,410,241,59036.87
Hamburg,2025-02-24,8,410,172,44623.04
Hamburg,2025-02-24,12,410,109,28361.99
Hamburg,2025-03-03,0,391,391,97660.37
Hamburg,2025-03-03,4,391,238,61923.74
Hamburg,2025-03-03,8,391,160,36221.74
Hamburg,2025-03-03,12,391,93,22317.29
Hamburg,2025-03-10,0,396,380,95597.29
Hamburg,2025-03-10,4,396,251,70825.6
Hamburg,2025-03-10,8,396,150,38514.72
Hamburg,2025-03-10,12,396,94,25792.72
Hamburg,2025-03-17,0,399,396,100376.64
Hamburg,2025-03-17,4,399,243,58952.18
Hamburg,2025-03-17,8,399,159,37943.29
Hamburg,2025-03-17,12,399,98,24525.87
Hamburg,2025-03-24,0,421,402,102337.81
Hamburg,2025-03-24,4,421,264,67692.27
Hamburg,2025-03-24,8,421,166,40599.94
Hamburg,2025-03-24,12,421,102,27306.34
Hamburg,2025-03-31,0,409,374,92840.8
Hamburg,2025-03-31,4,409,251,68259.84
Hamburg,2025-03-31,8,409,155,39841.6
Hamburg,2025-03-31,12,409,106,26181.91
Hamburg,2025-04-07,0,425,415,91659.33
Hamburg,2025-04-07,4,425,255,65080.51
Hamburg,2025-04-07,8,425,165,39867.64
Hamburg,2025-04-07,12,425,111,29318.24
Hamburg,2025-04-14,0,384,384,100701.66
Hamburg,2025-04-14,4,384,254,65205.29
Hamburg,2025-04-14,8,384,148,35908.79
Hamburg,2025-04-14,12,384,96,26148.18
Hamburg,2025-04-21,0,404,404,95604.79
Hamburg,2025-04-21,4,404,276,66016.45
Hamburg,2025-04-21,8,404,157,36362.35
Hamburg,2025-04-21,12,404,95,24519.49
Hamburg,2025-04-28,0,427,427,107352.58
Hamburg,2025-04-28,4,427,281,71300.02
Hamburg,2025-04-28,8,427,170,41841.5
Hamburg,2025-04-28,12,427,108,29077.05
Hamburg,2025-05-05,0,397,397,100955.5
Hamburg,2025-05-05,4,397,271,65818.4
Hamburg,2025-05-05,8,397,157,38311.45
Hamburg,2025-05-05,12,397,98,21343.17
Hamburg,2025-05-12,0,415,395,99244.06
Hamburg,2025-05-12,4,415,261,64392.06
Hamburg,2025-05-12,8,415,159,41907.77
Hamburg,2025-05-12,12,415,100,25284.62
Hamburg,2025-05-19,0,398,396,101857.48
Hamburg,2025-05-19,4,398,241,56644.32
Hamburg,2025-05-19,8,398,167,42496.33
Hamburg,2025-05-19,12,398,98,26052.06
Hamburg,2025-05-26,0,415,415,99640.93
Hamburg,2025-05-26,4,415,275,62151.81
Hamburg,2025-05-26,8,415,163,41768.32
Hamburg,2025-05-26,12,415,101,25987.61
Hamburg,2025-06-02,0,428,428,105646.94
Hamburg,2025-06-02,4,428,267,63781.83
Hamburg,2025-06-02,8,428,170,42255.77
Hamburg,2025-06-02,12,428,103,26325.91
Hamburg,2025-06-09,0,422,422,98185.42
Hamburg,2025-06-09,4,422,271,67575.96
Hamburg,2025-06-09,8,422,168,39928.77
Hamburg,2025-06-09,12,422,98,23840.6
Hamburg,2025-06-16,0,442,442,104085.29
Hamburg,2025-06-16,4,442,284,69305.18
Hamburg,2025-06-16,8,442,172,42458.98
Hamburg,2025-06-16,12,442,112,27714.89
Hamburg,2025-06-23,0,415,401,96931.6
Hamburg,2025-06-23,4,415,263,69528.52
Hamburg,2025-06-23,8,415,168,44794.53
Hamburg,2025-06-23,12,415,101,24310.8
Hamburg,2025-06-30,0,444,417,110293.57
Hamburg,2025-06-30,4,444,256,61772.12
Hamburg,2025-06-30,8,444,163,38523.77
Hamburg,2025-06-30,12,444,109,26710.74
Hamburg,2025-07-07,0,452,440,108436.64
Hamburg,2025-07-07,4,452,283,68337.11
Hamburg,2025-07-07,8,452,170,40519.37
Hamburg,2025-07-07,12,452,105,25695.89
Hamburg,2025-07-14,0,419,401,103907.99
Hamburg,2025-07-14,4,419,259,69574.79
Hamburg,2025-07-14,8,419,172,42022.12
Hamburg,2025-07-14,12,419,110,25827.87
Hamburg,2025-07-21,0,443,437,116959.39
Hamburg,2025-07-21,4,443,275,71573.36
Hamburg,2025-07-21,8,443,176,43749.44
Hamburg,2025-07-21,12,443,112,28213.55
Hamburg,2025-07-28,0,426,426,110762.46
Hamburg,2025-07-28,4,426,273,74225.92
Hamburg,2025-07-28,8,426,170,41995.5
Hamburg,2025-07-28,12,426,104,26428.6
Hamburg,2025-08-04,0,440,440,107928.67
Hamburg,2025-08-04,4,440,287,75446.43
Hamburg,2025-08-04,8,440,158,42882.97
Hamburg,2025-08-04,12,440,101,26605.95
Hamburg,2025-08-11,0,411,408,94833.01
Hamburg,2025-08-11,4,411,239,59222.02
Hamburg,2025-08-11,8,411,168,43970.02
Hamburg,2025-08-11,12,411,104,25224.01
Hamburg,2025-08-18,0,416,403,90028.97
Hamburg,2025-08-18,4,416,272,63522.24
Hamburg,2025-08-18,8,416,167,38795.74
Hamburg,2025-08-18,12,416,99,21791.44
Hamburg,2025-08-25,0,425,425,103888.33
Hamburg,2025-08-25,4,425,276,69082.65
Hamburg,2025-08-25,8,425,156,38332.44
Hamburg,2025-08-25,12,425,104,26391.36
Hamburg,2025-09-01,0,427,427,112743.39
Hamburg,2025-09-01,4,427,273,67167.38
Hamburg,2025-09-01,8,427,159,40197.16
Hamburg,2025-09-01,12,427,112,28170.67
Hamburg,2025-09-08,0,429,429,109544.82
Hamburg,2025-09-08,4,429,266,66791.15
Hamburg,2025-09-08,8,429,179,45056.09
Hamburg,2025-09-08,12,429,107,26029.34
Hamburg,2025-09-15,0,403,403,100917.1
Hamburg,2025-09-15,4,403,257,63880.57
Hamburg,2025-09-15,8,403,162,41023.47
Hamburg,2025-09-15,12,403,92,22821.37
Hamburg,2025-09-22,0,432,418,103874.09
Hamburg,2025-09-22,4,432,285,77265.28
Hamburg,2025-09-22,8,432,171,42337.41
Hamburg,2025-09-22,12,432,112,25190.64
Hamburg,2025-09-29,0,417,416,100328.84
Hamburg,2025-09-29,4,417,254,60245.62
Hamburg,2025-09-29,8,417,168,42459.16
Hamburg,2025-09-29,12,417,103,26852.3
Hamburg,2025-10-06,0,428,415,115969.23
Hamburg,2025-10-06,4,428,248,64871.38
Hamburg,2025-10-06,8,428,171,45599.12
Hamburg,2025-10-13,0,410,410,106608.17
Hamburg,2025-10-13,4,410,252,63719.65
Hamburg,2025-10-13,8,410,161,39651.0
Hamburg,2025-10-20,0,381,381,107683.98
Hamburg,2025-10-20,4,381,231,60096.07
Hamburg,2025-10-20,8,381,140,37710.9
Hamburg,2025-10-27,0,376,376,90681.47
Hamburg,2025-10-27,4,376,241,63662.34
Hamburg,2025-10-27,8,376,155,36601.49
Hamburg,2025-11-03,0,405,404,105541.81
Hamburg,2025-11-03,4,405,235,57137.4
Hamburg,2025-11-10,0,426,426,99396.95
Hamburg,2025-11-10,4,426,275,67962.57
Hamburg,2025-11-17,0,416,382,85831.97
Hamburg,2025-11-17,4,416,266,68429.3
Hamburg,2025-11-24,0,392,392,87298.14
Hamburg,2025-11-24,4,392,243,61394.54
Hamburg,2025-12-01,0,403,403,96415.06
Hamburg,2025-12-08,0,398,398,95131.81
Hamburg,2025-12-15,0,400,384,89691.6
Hamburg,2025-12-22,0,412,412,103023.58
Cologne,2024-01-01,0,306,298,59198.71
Cologne,2024-01-01,4,306,161,33853.6
Cologne,2024-01-01,8,306,94,18368.27
Cologne,2024-01-01,12,306,55,9990.65
Cologne,2024-01-08,0,272,262,51845.02
Cologne,2024-01-08,4,272,151,31381.11
Cologne,2024-01-08,8,272,85,16418.84
Cologne,2024-01-08,12,272,47,9458.23
Cologne,2024-01-15,0,288,280,52149.78
Cologne,2024-01-15,4,288,161,29973.16
Cologne,2024-01-15,8,288,92,19161.73
Cologne,2024-01-15,12,288,48,8923.38
Cologne,2024-01-22,0,305,305,60341.91
Cologne,2024-01-22,4,305,169,32314.21
Cologne,2024-01-22,8,305,97,21201.14
Cologne,2024-01-22,12,305,51,9087.93
Cologne,2024-01-29,0,280,265,57434.2
Cologne,2024-01-29,4,280,152,28065.85
Cologne,2024-01-29,8,280,85,15285.63
Cologne,2024-01-29,12,280,48,9130.54
Cologne,2024-02-05,0,304,278,55698.38
Cologne,2024-02-05,4,304,182,33865.69
Cologne,2024-02-05,8,304,93,18309.96
Cologne,2024-02-05,12,304,51,10077.89
Cologne,2024-02-12,0,305,305,62518.08
Cologne,2024-02-12,4,305,161,32307.06
Cologne,2024-02-12,8,305,86,17317.72
Cologne,2024-02-12,12,305,54,11212.3
Cologne,2024-02-19,0,300,300,57281.71
Cologne,2024-02-19,4,300,156,30486.13
Cologne,2024-02-19,8,300,93,19106.01
Cologne,2024-02-19,12,300,51,10773.73
Cologne,2024-02-26,0,329,329,66385.51
Cologne,2024-02-26,4,329,176,33366.89
Cologne,2024-02-26,8,329,102,22100.13
Cologne,2024-02-26,12,329,54,10251.72
Cologne,2024-03-04,0,327,304,57346.11
Cologne,2024-03-04,4,327,181,35236.75
Cologne,2024-03-04,8,327,105,22350.19
Cologne,2024-03-04,12,327,53,9949.06
Cologne,2024-03-11,0,320,320,60767.48
Cologne,2024-03-11,4,320,181,33986.42
Cologne,2024-03-11,8,320,105,19720.26
Cologne,2024-03-11,12,320,54,10874.53
Cologne,2024-03-18,0,319,315,61359.59
Cologne,2024-03-18,4,319,175,33831.06
Cologne,2024-03-18,8,319,95,18580.06
Cologne,2024-03-18,12,319,53,9908.08
Cologne,2024-03-25,0,306,306,60451.6
Cologne,2024-03-25,4,306,168,32131.32
Cologne,2024-03-25,8,306,92,17729.76
Cologne,2024-03-25,12,306,55,11400.12
Cologne,2024-04-01,0,334,334,64982.65
Cologne,2024-04-01,4,334,174,32603.21
Cologne,2024-04-01,8,334,106,20047.3
Cologne,2024-04-01,12,334,53,10185.39
Cologne,2024-04-08,0,325,325,61020.29
Cologne,2024-04-08,4,325,192,35970.94
Cologne,2024-04-08,8,325,105,20011.34
Cologne,2024-04-08,12,325,51,9821.3
Cologne,2024-04-15,0,338,338,66885.61
Cologne,2024-04-15,4,338,183,36736.03
Cologne,2024-04-15,8,338,113,22226.71
Cologne,2024-04-15,12,338,55,11169.4
Cologne,2024-04-22,0,324,300,61127.02
Cologne,2024-04-22,4,324,172,34285.58
Cologne,2024-04-22,8,324,94,17568.81
Cologne,2024-04-22,12,324,52,10843.78
Cologne,2024-04-29,0,323,323,59187.36
Cologne,2024-04-29,4,323,189,36553.53
Cologne,2024-04-29,8,323,98,18657.26
Cologne,2024-04-29,12,323,53,10096.38
Cologne,2024-05-06,0,334,334,65978.52
Cologne,2024-05-06,4,334,193,34251.02
Cologne,2024-05-06,8,334,96,17811.86
Cologne,2024-05-06,12,334,54,11961.22
Cologne,2024-05-13,0,326,323,63167.59
Cologne,2024-05-13,4,326,170,30886.56
Cologne,2024-05-13,8,326,110,21860.74
Cologne,2024-05-13,12,326,55,9407.97
Cologne,2024-05-20,0,318,294,57721.32
Cologne,2024-05-20,4,318,183,36743.9
Cologne,2024-05-20,8,318,101,20425.48
Cologne,2024-05-20,12,318,57,10844.16
Cologne,2024-05-27,0,354,354,65311.56
Cologne,2024-05-27,4,354,192,39424.08
Cologne,2024-05-27,8,354,105,20703.07
Cologne,2024-05-27,12,354,62,12553.23
Cologne,2024-06-03,0,338,338,59968.27
Cologne,2024-06-03,4,338,173,33298.36
Cologne,2024-06-03,8,338,104,19340.18
Cologne,2024-06-03,12,338,58,10666.85
Cologne,2024-06-10,0,316,316,55887.96
Cologne,2024-06-10,4,316,176,34321.15
Cologne,2024-06-10,8,316,96,20183.35
Cologne,2024-06-10,12,316,50,9647.92
Cologne,2024-06-17,0,354,337,64716.03
Cologne,2024-06-17,4,354,181,36392.48
Cologne,2024-06-17,8,354,106,21813.57
Cologne,2024-06-17,12,354,53,10333.5
Cologne,2024-06-24,0,350,341,65560.82
Cologne,2024-06-24,4,350,197,37262.77
Cologne,2024-06-24,8,350,112,22534.77
Cologne,2024-06-24,12,350,56,10523.95
Cologne,2024-07-01,0,316,307,60000.59
Cologne,2024-07-01,4,316,185,30755.65
Cologne,2024-07-01,8,316,97,18949.83
Cologne,2024-07-01,12,316,53,9611.48
Cologne,2024-07-08,0,349,349,67676.81
Cologne,2024-07-08,4,349,196,40114.91
Cologne,2024-07-08,8,349,116,22845.92
Cologne,2024-07-08,12,349,60,11823.84
Cologne,2024-07-15,0,344,344,71316.89
Cologne,2024-07-15,4,344,187,38474.19
Cologne,2024-07-15,8,344,102,17909.03
Cologne,2024-07-15,12,344,54,10905.54
Cologne,2024-07-22,0,316,305,61200.24
Cologne,2024-07-22,4,316,173,35581.92
Cologne,2024-07-22,8,316,95,18649.21
Cologne,2024-07-22,12,316,54,9830.69
Cologne,2024-07-29,0,342,321,63588.78
Cologne,2024-07-29,4,342,190,35856.46
Cologne,2024-07-29,8,342,102,20204.86
Cologne,2024-07-29,12,342,54,10640.92
Cologne,2024-08-05,0,323,303,55923.67
Cologne,2024-08-05,4,323,174,33598.8
Cologne,2024-08-05,8,323,92,18805.55
Cologne,2024-08-05,12,323,57,12394.52
Cologne,2024-08-12,0,328,328,62268.9
Cologne,2024-08-12,4,328,173,33300.25
Cologne,2024-08-12,8,328,102,20539.27
Cologne,2024-08-12,12,328,58,11412.25
Cologne,2024-08-19,0,341,340,66276.89
Cologne,2024-08-19,4,341,190,37164.23
Cologne,2024-08-19,8,341,102,20622.5
Cologne,2024-08-19,12,341,60,11909.25
Cologne,2024-08-26,0,346,336,62735.5
Cologne,2024-08-26,4,346,186,35101.13
Cologne,2024-08-26,8,346,107,21461.34
Cologne,2024-08-26,12,346,56,12152.24
Cologne,2024-09-02,0,332,332,64443.33
Cologne,2024-09-02,4,332,191,36472.94
Cologne,2024-09-02,8,332,97,19578.83
Cologne,2024-09-02,12,332,61,11266.94
Cologne,2024-09-09,0,348,348,68902.72
Cologne,2024-09-09,4,348,191,36390.61
Cologne,2024-09-09,8,348,104,19616.01
Cologne,2024-09-09,12,348,58,11426.71
Cologne,2024-09-16,0,329,325,66069.85
Cologne,2024-09-16,4,329,180,35774.97
Cologne,2024-09-16,8,329,105,20066.89
Cologne,2024-09-16,12,329,57,11301.16
Cologne,2024-09-23,0,333,320,64222.78
Cologne,2024-09-23,4,333,182,36157.89
Cologne,2024-09-23,8,333,103,20742.44
Cologne,2024-09-23,12,333,58,10863.22
Cologne,2024-09-30,0,312,312,61285.66
Cologne,2024-09-30,4,312,164,30502.49
Cologne,2024-09-30,8,312,91,18295.61
Cologne,2024-09-30,12,312,54,10427.37
Cologne,2024-10-07,0,316,312,67798.22
Cologne,2024-10-07,4,316,177,36067.7
Cologne,2024-10-07,8,316,100,18785.51
Cologne,2024-10-07,12,316,54,11064.84
Cologne,2024-10-14,0,319,319,56904.03
Cologne,2024-10-14,4,319,177,36065.47
Cologne,2024-10-14,8,319,90,16363.51
Cologne,2024-10-14,12,319,53,9853.61
Cologne,2024-10-21,0,315,315,62770.29
Cologne,2024-10-21,4,315,180,36381.88
Cologne,2024-10-21,8,315,100,19359.73
Cologne,2024-10-21,12,315,53,11097.59
Cologne,2024-10-28,0,315,302,57946.01
Cologne,2024-10-28,4,315,171,34549.9
Cologne,2024-10-28,8,315,95,19060.36
Cologne,2024-10-28,12,315,51,9730.05
Cologne,2024-11-04,0,316,316,62378.09
Cologne,2024-11-04,4,316,184,38451.79
Cologne,2024-11-04,8,316,95,16292.45
Cologne,2024-11-04,12,316,55,10545.01
Cologne,2024-11-11,0,325,315,61547.92
Cologne,2024-11-11,4,325,151,32053.93
Cologne,2024-11-11,8,325,98,17648.4
Cologne,2024-11-11,12,325,60,10978.95
Cologne,2024-11-18,0,315,315,59404.32
Cologne,2024-11-18,4,315,167,35483.99
Cologne,2024-11-18,8,315,98,20117.47
Cologne,2024-11-18,12,315,52,9831.14
Cologne,2024-11-25,0,325,325,66491.36
Cologne,2024-11-25,4,325,177,33653.82
Cologne,2024-11-25,8,325,95,18371.57
Cologne,2024-11-25,12,325,53,10142.03
Cologne,2024-12-02,0,323,316,69818.33
Cologne,2024-12-02,4,323,185,35560.07
Cologne,2024-12-02,8,323,95,17642.45
Cologne,2024-12-02,12,323,54,10700.49
Cologne,2024-12-09,0,287,274,59254.64
Cologne,2024-12-09,4,287,163,33125.94
Cologne,2024-12-09,8,287,88,17018.81
Cologne,2024-12-09,12,287,47,8436.18
Cologne,2024-12-16,0,317,303,60034.44
Cologne,2024-12-16,4,317,162,29020.71
Cologne,2024-12-16,8,317,101,21142.68
Cologne,2024-12-16,12,317,58,10886.21
Cologne,2024-12-23,0,308,303,60457.56
Cologne,2024-12-23,4,308,180,37916.69
Cologne,2024-12-23,8,308,89,17373.52
Cologne,2024-12-23,12,308,51,9916.88
Cologne,2024-12-30,0,329,322,64270.37
Cologne,2024-12-30,4,329,179,33707.06
Cologne,2024-12-30,8,329,101,19660.18
Cologne,2024-12-30,12,329,54,11116.2
Cologne,2025-01-06,0,305,291,53982.29
Cologne,2025-01-06,4,305,171,34862.5
Cologne,2025-01-06,8,305,88,17362.75
Cologne,2025-01-06,12,305,51,9174.88
Cologne,2025-01-13,0,317,317,62823.58
Cologne,2025-01-13,4,317,163,35098.25
Cologne,2025-01-13,8,317,97,20525.51
Cologne,2025-01-13,12,317,54,11116.26
Cologne,2025-01-20,0,301,292,54522.92
Cologne,2025-01-20,4,301,162,32720.99
Cologne,2025-01-20,8,301,90,18084.01
Cologne,2025-01-20,12,301,48,10459.94
Cologne,2025-01-27,0,320,320,64442.83
Cologne,2025-01-27,4,320,176,33021.74
Cologne,2025-01-27,8,320,99,19157.52
Cologne,2025-01-27,12,320,57,9992.45
Cologne,2025-02-03,0,340,329,69990.9
Cologne,2025-02-03,4,340,185,36937.69
Cologne,2025-02-03,8,340,101,20227.44
Cologne,2025-02-03,12,340,59,11650.52
Cologne,2025-02-10,0,312,312,67873.59
Cologne,2025-02-10,4,312,177,36835.82
Cologne,2025-02-10,8,312,97,18369.76
Cologne,2025-02-10,12,312,57,9737.29
Cologne,2025-02-17,0,336,336,61597.39
Cologne,2025-02-17,4,336,195,34903.67
Cologne,2025-02-17,8,336,102,20525.0
Cologne,2025-02-17,12,336,58,12289.73
Cologne,2025-02-24,0,329,319,65711.23
Cologne,2025-02-24,4,329,174,33066.92
Cologne,2025-02-24,8,329,101,19894.26
Cologne,2025-02-24,12,329,54,10163.14
Cologne,2025-03-03,0,334,325,65132.24
Cologne,2025-03-03,4,334,190,37493.57
Cologne,2025-03-03,8,334,101,17587.53
Cologne,2025-03-03,12,334,57,11258.76
Cologne,2025-03-10,0,309,298,60521.19
Cologne,2025-03-10,4,309,166,34043.37
Cologne,2025-03-10,8,309,99,19943.0
Cologne,2025-03-10,12,309,47,9632.29
Cologne,2025-03-17,0,322,315,56651.99
Cologne,2025-03-17,4,322,184,35677.96
Cologne,2025-03-17,8,322,99,20422.26
Cologne,2025-03-17,12,322,54,10463.88
Cologne,2025-03-24,0,340,340,66676.79
Cologne,2025-03-24,4,340,188,37398.79
Cologne,2025-03-24,8,340,102,18967.61
Cologne,2025-03-24,12,340,57,11255.77
Cologne,2025-03-31,0,344,344,68365.76
Cologne,2025-03-31,4,344,188,35387.77
Cologne,2025-03-31,8,344,109,21954.26
Cologne,2025-03-31,12,344,57,11007.86
Cologne,2025-04-07,0,318,318,58255.39
Cologne,2025-04-07,4,318,178,34985.49
Cologne,2025-04-07,8,318,101,19211.86
Cologne,2025-04-07,12,318,52,9827.83
Cologne,2025-04-14,0,350,350,70025.18
Cologne,2025-04-14,4,350,192,37713.69
Cologne,2025-04-14,8,350,107,21746.95
Cologne,2025-04-14,12,350,59,11702.44
Cologne,2025-04-21,0,352,352,68203.86
Cologne,2025-04-21,4,352,205,36620.78
Cologne,2025-04-21,8,352,106,22033.46
Cologne,2025-04-21,12,352,59,11379.23
Cologne,2025-04-28,0,336,328,68845.87
Cologne,2025-04-28,4,336,183,33723.05
Cologne,2025-04-28,8,336,102,20235.94
Cologne,2025-04-28,12,336,53,9937.92
Cologne,2025-05-05,0,327,327,64168.35
Cologne,2025-05-05,4,327,188,34136.74
Cologne,2025-05-05,8,327,102,21456.19
Cologne,2025-05-05,12,327,56,11531.49
Cologne,2025-05-12,0,364,361,69333.54
Cologne,2025-05-12,4,364,197,38598.68
Cologne,2025-05-12,8,364,105,20496.17
Cologne,2025-05-12,12,364,61,11254.55
Cologne,2025-05-19,0,359,348,61387.69
Cologne,2025-05-19,4,359,193,39845.53
Cologne,2025-05-19,8,359,112,20448.28
Cologne,2025-05-19,12,359,60,10853.4
Cologne,2025-05-26,0,372,372,66462.2
Cologne,2025-05-26,4,372,196,35881.57
Cologne,2025-05-26,8,372,115,23846.44
Cologne,2025-05-26,12,372,62,10811.36
Cologne,2025-06-02,0,378,378,74326.31
Cologne,2025-06-02,4,378,192,39316.17
Cologne,2025-06-02,8,378,108,21575.96
Cologne,2025-06-02,12,378,65,11398.39
Cologne,2025-06-09,0,350,350,69038.71
Cologne,2025-06-09,4,350,181,35253.39
Cologne,2025-06-09,8,350,102,19224.18
Cologne,2025-06-09,12,350,62,12939.47
Cologne,2025-06-16,0,369,357,66253.54
Cologne,2025-06-16,4,369,204,40687.41
Cologne,2025-06-16,8,369,121,24171.65
Cologne,2025-06-16,12,369,60,11674.78
Cologne,2025-06-23,0,383,373,74251.85
Cologne,2025-06-23,4,383,204,38587.15
Cologne,2025-06-23,8,383,122,24322.79
Cologne,2025-06-23,12,383,65,11634.54
Cologne,2025-06-30,0,340,314,57391.63
Cologne,2025-06-30,4,340,189,38333.01
Cologne,2025-06-30,8,340,111,20917.07
Cologne,2025-06-30,12,340,55,10439.98
Cologne,2025-07-07,0,389,373,77435.8
Cologne,2025-07-07,4,389,208,42293.15
Cologne,2025-07-07,8,389,121,21911.72
Cologne,2025-07-07,12,389,69,13514.73
Cologne,2025-07-14,0,354,354,69006.75
Cologne,2025-07-14,4,354,188,32980.59
Cologne,2025-07-14,8,354,106,20895.16
Cologne,2025-07-14,12,354,60,12287.12
Cologne,2025-07-21,0,360,355,66837.6
Cologne,2025-07-21,4,360,197,36273.13
Cologne,2025-07-21,8,360,114,22703.97
Cologne,2025-07-21,12,360,69,13300.51
Cologne,2025-07-28,0,379,379,72428.14
Cologne,2025-07-28,4,379,199,42024.66
Cologne,2025-07-28,8,379,118,21312.23
Cologne,2025-07-28,12,379,57,10853.75
Cologne,2025-08-04,0,356,356,66027.84
Cologne,2025-08-04,4,356,196,38404.85
Cologne,2025-08-04,8,356,112,21906.39
Cologne,2025-08-04,12,356,62,12985.33
Cologne,2025-08-11,0,360,358,68781.99
Cologne,2025-08-11,4,360,204,42552.18
Cologne,2025-08-11,8,360,109,21047.37
Cologne,2025-08-11,12,360,62,11161.45
Cologne,2025-08-18,0,340,338,63182.16
Cologne,2025-08-18,4,340,179,36835.04
Cologne,2025-08-18,8,340,102,19254.95
Cologne,2025-08-18,12,340,57,12041.97
Cologne,2025-08-25,0,385,365,72060.3
Cologne,2025-08-25,4,385,213,40125.58
Cologne,2025-08-25,8,385,114,21498.47
Cologne,2025-08-25,12,385,68,14375.79
Cologne,2025-09-01,0,351,351,71533.27
Cologne,2025-09-01,4,351,195,40984.71
Cologne,2025-09-01,8,351,103,20353.2
Cologne,2025-09-01,12,351,61,11822.51
Cologne,2025-09-08,0,369,369,72058.08
Cologne,2025-09-08,4,369,217,42200.31
Cologne,2025-09-08,8,369,121,22518.52
Cologne,2025-09-08,12,369,64,12446.55
Cologne,2025-09-15,0,325,325,63915.88
Cologne,2025-09-15,4,325,182,34426.39
Cologne,2025-09-15,8,325,97,17924.63
Cologne,2025-09-15,12,325,60,13075.35
Cologne,2025-09-22,0,355,355,68117.83
Cologne,2025-09-22,4,355,190,33627.51
Cologne,2025-09-22,8,355,110,20230.29
Cologne,2025-09-22,12,355,60,11883.95
Cologne,2025-09-29,0,336,328,62108.97
Cologne,2025-09-29,4,336,181,36542.36
Cologne,2025-09-29,8,336,105,22607.05
Cologne,2025-09-29,12,336,56,11120.91
Cologne,2025-10-06,0,296,296,56305.05
Cologne,2025-10-06,4,296,163,31525.17
Cologne,2025-10-06,8,296,88,17907.33
Cologne,2025-10-13,0,335,327,68863.31
Cologne,2025-10-13,4,335,180,38307.8
Cologne,2025-10-13,8,335,102,18116.91
Cologne,2025-10-20,0,308,308,61742.71
Cologne,2025-10-20,4,308,160,32982.54
Cologne,2025-10-20,8,308,93,18205.37
Cologne,2025-10-27,0,312,312,57234.96
Cologne,2025-10-27,4,312,174,33406.28
Cologne,2025-10-27,8,312,98,19171.33
Cologne,2025-11-03,0,322,322,70751.03
Cologne,2025-11-03,4,322,181,38255.95
Cologne,2025-11-10,0,340,336,63302.47
Cologne,2025-11-10,4,340,200,36243.45
Cologne,2025-11-17,0,303,303,62964.23
Cologne,2025-11-17,4,303,169,29856.47
Cologne,2025-11-24,0,299,299,64702.33
Cologne,2025-11-24,4,299,179,34340.41
Cologne,2025-12-01,0,291,289,57850.25
Cologne,2025-12-08,0,345,345,68414.73
Cologne,2025-12-15,0,304,304,65369.04
Cologne,2025-12-22,0,327,316,61743.96
Frankfurt,2024-01-01,0,306,293,64050.7
Frankfurt,2024-01-01,4,306,219,46453.88
Frankfurt,2024-01-01,8,306,169,39117.8
Frankfurt,2024-01-01,12,306,115,23671.49
Frankfurt,2024-01-08,0,289,289,59792.17
Frankfurt,2024-01-08,4,289,202,49916.75
Frankfurt,2024-01-08,8,289,162,34263.87
Frankfurt,2024-01-08,12,289,117,26543.2
Frankfurt,2024-01-15,0,276,270,59260.14
Frankfurt,2024-01-15,4,276,196,42200.19
Frankfurt,2024-01-15,8,276,152,33643.34
Frankfurt,2024-01-15,12,276,121,27376.33
Frankfurt,2024-01-22,0,309,306,69166.88
Frankfurt,2024-01-22,4,309,221,44129.13
Frankfurt,2024-01-22,8,309,154,35243.51
Frankfurt,2024-01-22,12,309,124,26439.24
Frankfurt,2024-01-29,0,271,266,62446.93
Frankfurt,2024-01-29,4,271,199,45478.88
Frankfurt,2024-01-29,8,271,142,35631.27
Frankfurt,2024-01-29,12,271,105,21040.06
Frankfurt,2024-02-05,0,263,263,58452.84
Frankfurt,2024-02-05,4,263,203,50196.32
Frankfurt,2024-02-05,8,263,144,29232.62
Frankfurt,2024-02-05,12,263,110,24600.87
Frankfurt,2024-02-12,0,271,271,60442.4
Frankfurt,2024-02-12,4,271,216,49622.99
Frankfurt,2024-02-12,8,271,128,28654.01
Frankfurt,2024-02-12,12,271,108,21735.13
Frankfurt,2024-02-19,0,259,259,55876.49
Frankfurt,2024-02-19,4,259,196,44320.24
Frankfurt,2024-02-19,8,259,146,33266.2
Frankfurt,2024-02-19,12,259,101,21653.11
Frankfurt,2024-02-26,0,310,310,67047.3
Frankfurt,2024-02-26,4,310,212,47634.57
Frankfurt,2024-02-26,8,310,176,38746.5
Frankfurt,2024-02-26,12,310,115,26246.22
Frankfurt,2024-03-04,0,288,284,66669.97
Frankfurt,2024-03-04,4,288,216,48145.51
Frankfurt,2024-03-04,8,288,166,41793.33
Frankfurt,2024-03-04,12,288,116,25074.96
Frankfurt,2024-03-11,0,298,298,61498.69
Frankfurt,2024-03-11,4,298,216,43710.36
Frankfurt,2024-03-11,8,298,169,34881.68
Frankfurt,2024-03-11,12,298,117,26208.42
Frankfurt,2024-03-18,0,316,316,68037.88
Frankfurt,2024-03-18,4,316,212,47391.33
Frankfurt,2024-03-18,8,316,183,43321.3
Frankfurt,2024-03-18,12,316,135,29536.05
Frankfurt,2024-03-25,0,339,339,70559.79
Frankfurt,2024-03-25,4,339,237,51606.03
Frankfurt,2024-03-25,8,339,183,38048.78
Frankfurt,2024-03-25,12,339,147,31979.2
Frankfurt,2024-04-01,0,301,301,60346.16
Frankfurt,2024-04-01,4,301,218,47955.74
Frankfurt,2024-04-01,8,301,157,36874.35
Frankfurt,2024-04-01,12,301,121,28084.51
Frankfurt,2024-04-08,0,304,300,63945.44
Frankfurt,2024-04-08,4,304,220,51112.81
Frankfurt,2024-04-08,8,304,168,41371.3
Frankfurt,2024-04-08,12,304,125,26821.71
Frankfurt,2024-04-15,0,322,309,72464.13
Frankfurt,2024-04-15,4,322,243,56659.78
Frankfurt,2024-04-15,8,322,181,39348.98
Frankfurt,2024-04-15,12,322,134,30237.51
Frankfurt,2024-04-22,0,320,320,73090.01
Frankfurt,2024-04-22,4,320,240,51520.22
Frankfurt,2024-04-22,8,320,158,34016.53
Frankfurt,2024-04-22,12,320,129,29096.42
Frankfurt,2024-04-29,0,321,317,71987.92
Frankfurt,2024-04-29,4,321,223,48919.2
Frankfurt,2024-04-29,8,321,178,40314.36
Frankfurt,2024-04-29,12,321,127,29106.32
Frankfurt,2024-05-06,0,331,330,69875.97
Frankfurt,2024-05-06,4,331,230,52122.12
Frankfurt,2024-05-06,8,331,181,35724.44
Frankfurt,2024-05-06,12,331,129,29492.05
Frankfurt,2024-05-13,0,309,295,63014.33
Frankfurt,2024-05-13,4,309,242,53503.14
Frankfurt,2024-05-13,8,309,165,36524.55
Frankfurt,2024-05-13,12,309,123,24307.62
Frankfurt,2024-05-20,0,317,317,62228.14
Frankfurt,2024-05-20,4,317,225,52545.63
Frankfurt,2024-05-20,8,317,171,39077.22
Frankfurt,2024-05-20,12,317,129,28736.63
Frankfurt,2024-05-27,0,350,350,79272.18
Frankfurt,2024-05-27,4,350,259,54649.02
Frankfurt,2024-05-27,8,350,198,40860.37
Frankfurt,2024-05-27,12,350,136,31478.89
Frankfurt,2024-06-03,0,300,300,62000.07
Frankfurt,2024-06-03,4,300,207,50350.38
Frankfurt,2024-06-03,8,300,158,35843.05
Frankfurt,2024-06-03,12,300,124,25482.92
Frankfurt,2024-06-10,0,325,324,66825.61
Frankfurt,2024-06-10,4,325,229,48538.02
Frankfurt,2024-06-10,8,325,181,32786.07
Frankfurt,2024-06-10,12,325,125,28022.71
Frankfurt,2024-06-17,0,320,320,77634.28
Frankfurt,2024-06-17,4,320,239,53663.36
Frankfurt,2024-06-17,8,320,188,37508.9
Frankfurt,2024-06-17,12,320,126,27932.68
Frankfurt,2024-06-24,0,353,350,74287.05
Frankfurt,2024-06-24,4,353,251,57249.54
Frankfurt,2024-06-24,8,353,191,41132.14
Frankfurt,2024-06-24,12,353,144,31816.46
Frankfurt,2024-07-01,0,333,329,74956.94
Frankfurt,2024-07-01,4,333,259,55827.7
Frankfurt,2024-07-01,8,333,167,36137.09
Frankfurt,2024-07-01,12,333,132,29023.91
Frankfurt,2024-07-08,0,317,301,68295.84
Frankfurt,2024-07-08,4,317,227,52542.3
Frankfurt,2024-07-08,8,317,178,40866.92
Frankfurt,2024-07-08,12,317,126,28573.79
Frankfurt,2024-07-15,0,313,313,62641.52
Frankfurt,2024-07-15,4,313,220,50704.43
Frankfurt,2024-07-15,8,313,167,36339.23
Frankfurt,2024-07-15,12,313,129,29657.38
Frankfurt,2024-07-22,0,327,327,72965.47
Frankfurt,2024-07-22,4,327,243,53574.39
Frankfurt,2024-07-22,8,327,171,38392.03
Frankfurt,2024-07-22,12,327,133,29648.76
Frankfurt,2024-07-29,0,327,327,72277.06
Frankfurt,2024-07-29,4,327,241,48636.98
Frankfurt,2024-07-29,8,327,182,40499.71
Frankfurt,2024-07-29,12,327,125,27460.06
Frankfurt,2024-08-05,0,326,316,68504.37
Frankfurt,2024-08-05,4,326,247,57289.09
Frankfurt,2024-08-05,8,326,174,40713.63
Frankfurt,2024-08-05,12,326,143,27480.17
Frankfurt,2024-08-12,0,307,289,62501.84
Frankfurt,2024-08-12,4,307,229,50561.29
Frankfurt,2024-08-12,8,307,164,39001.6
Frankfurt,2024-08-12,12,307,127,26193.07
Frankfurt,2024-08-19,0,325,301,66582.4
Frankfurt,2024-08-19,4,325,238,50630.06
Frankfurt,2024-08-19,8,325,174,36815.63
Frankfurt,2024-08-19,12,325,131,27974.3
Frankfurt,2024-08-26,0,315,315,69961.41
Frankfurt,2024-08-26,4,315,242,51620.97
Frankfurt,2024-08-26,8,315,175,35873.1
Frankfurt,2024-08-26,12,315,134,32140.58
Frankfurt,2024-09-02,0,302,302,69655.22
Frankfurt,2024-09-02,4,302,224,53517.57
Frankfurt,2024-09-02,8,302,166,33947.38
Frankfurt,2024-09-02,12,302,125,28850.99
Frankfurt,2024-09-09,0,334,333,75850.16
Frankfurt,2024-09-09,4,334,235,48374.23
Frankfurt,2024-09-09,8,334,181,41095.61
Frankfurt,2024-09-09,12,334,134,26295.43
Frankfurt,2024-09-16,0,305,305,59579.17
Frankfurt,2024-09-16,4,305,237,53603.66
Frankfurt,2024-09-16,8,305,168,37733.93
Frankfurt,2024-09-16,12,305,127,27426.0
Frankfurt,2024-09-23,0,329,329,74022.75
Frankfurt,2024-09-23,4,329,227,50658.66
Frankfurt,2024-09-23,8,329,199,41874.3
Frankfurt,2024-09-23,12,329,130,30325.43
Frankfurt,2024-09-30,0,313,309,66985.48
Frankfurt,2024-09-30,4,313,241,53372.6
Frankfurt,2024-09-30,8,313,172,38075.77
Frankfurt,2024-09-30,12,313,122,27291.48
Frankfurt,2024-10-07,0,308,307,66037.36
Frankfurt,2024-10-07,4,308,215,49827.37
Frankfurt,2024-10-07,8,308,162,34532.81
Frankfurt,2024-10-07,12,308,125,28868.89
Frankfurt,2024-10-14,0,309,304,67656.67
Frankfurt,2024-10-14,4,309,227,48082.22
Frankfurt,2024-10-14,8,309,178,39398.68
Frankfurt,2024-10-14,12,309,128,26275.07
Frankfurt,2024-10-21,0,324,305,69784.8
Frankfurt,2024-10-21,4,324,244,50691.41
Frankfurt,2024-10-21,8,324,180,40705.4
Frankfurt,2024-10-21,12,324,124,28774.77
Frankfurt,2024-10-28,0,304,297,62279.95
Frankfurt,2024-10-28,4,304,221,47207.13
Frankfurt,2024-10-28,8,304,169,36381.62
Frankfurt,2024-10-28,12,304,121,28469.75
Frankfurt,2024-11-04,0,295,274,60024.6
Frankfurt,2024-11-04,4,295,218,47607.01
Frankfurt,2024-11-04,8,295,149,33354.05
Frankfurt,2024-11-04,12,295,115,26593.24
Frankfurt,2024-11-11,0,279,279,64547.09
Frankfurt,2024-11-11,4,279,217,45207.88
Frankfurt,2024-11-11,8,279,154,34238.94
Frankfurt,2024-11-11,12,279,118,25549.59
Frankfurt,2024-11-18,0,326,326,71202.87
Frankfurt,2024-11-18,4,326,233,46812.86
Frankfurt,2024-11-18,8,326,187,41428.61
Frankfurt,2024-11-18,12,326,133,28954.17
Frankfurt,2024-11-25,0,319,319,71548.35
Frankfurt,2024-11-25,4,319,236,50383.5
Frankfurt,2024-11-25,8,319,168,38259.45
Frankfurt,2024-11-25,12,319,129,29767.06
Frankfurt,2024-12-02,0,303,303,64561.98
Frankfurt,2024-12-02,4,303,203,43737.34
Frankfurt,2024-12-02,8,303,163,37016.0
Frankfurt,2024-12-02,12,303,121,25200.08
Frankfurt,2024-12-09,0,308,292,69332.33
Frankfurt,2024-12-09,4,308,242,54556.21
Frankfurt,2024-12-09,8,308,166,36127.31
Frankfurt,2024-12-09,12,308,128,27105.66
Frankfurt,2024-12-16,0,273,266,60366.28
Frankfurt,2024-12-16,4,273,193,41285.14
Frankfurt,2024-12-16,8,273,155,33291.66
Frankfurt,2024-12-16,12,273,107,22377.33
Frankfurt,2024-12-23,0,280,271,52506.21
Frankfurt,2024-12-23,4,280,226,48314.11
Frankfurt,2024-12-23,8,280,152,35636.43
Frankfurt,2024-12-23,12,280,112,25714.68
Frankfurt,2024-12-30,0,287,287,56488.47
Frankfurt,2024-12-30,4,287,212,48286.0
Frankfurt,2024-12-30,8,287,156,33966.93
Frankfurt,2024-12-30,12,287,109,24541.19
Frankfurt,2025-01-06,0,282,282,57973.2
Frankfurt,2025-01-06,4,282,202,45102.4
Frankfurt,2025-01-06,8,282,149,31755.11
Frankfurt,2025-01-06,12,282,109,22781.18
Frankfurt,2025-01-13,0,286,271,53117.1
Frankfurt,2025-01-13,4,286,209,47943.48
Frankfurt,2025-01-13,8,286,161,35401.49
Frankfurt,2025-01-13,12,286,116,25241.49
Frankfurt,2025-01-20,0,324,324,70757.07
Frankfurt,2025-01-20,4,324,242,50794.19
Frankfurt,2025-01-20,8,324,184,37699.76
Frankfurt,2025-01-20,12,324,128,26317.84
Frankfurt,2025-01-27,0,312,312,76326.49
Frankfurt,2025-01-27,4,312,231,50019.12
Frankfurt,2025-01-27,8,312,178,37041.09
Frankfurt,2025-01-27,12,312,119,26444.26
Frankfurt,2025-02-03,0,298,298,69649.85
Frankfurt,2025-02-03,4,298,225,50200.25
Frankfurt,2025-02-03,8,298,164,34030.61
Frankfurt,2025-02-03,12,298,118,28110.65
Frankfurt,2025-02-10,0,282,282,63234.08
Frankfurt,2025-02-10,4,282,202,45244.3
Frankfurt,2025-02-10,8,282,149,33221.51
Frankfurt,2025-02-10,12,282,116,25846.09
Frankfurt,2025-02-17,0,310,310,64908.13
Frankfurt,2025-02-17,4,310,218,46553.18
Frankfurt,2025-02-17,8,310,167,38615.16
Frankfurt,2025-02-17,12,310,127,28853.87
Frankfurt,2025-02-24,0,318,306,64405.65
Frankfurt,2025-02-24,4,318,224,46053.73
Frankfurt,2025-02-24,8,318,170,36908.25
Frankfurt,2025-02-24,12,318,133,28582.02
Frankfurt,2025-03-03,0,308,308,71404.74
Frankfurt,2025-03-03,4,308,232,52867.4
Frankfurt,2025-03-03,8,308,168,36656.14
Frankfurt,2025-03-03,12,308,109,24503.92
Frankfurt,2025-03-10,0,316,316,68168.03
Frankfurt,2025-03-10,4,316,251,53723.23
Frankfurt,2025-03-10,8,316,165,36877.67
Frankfurt,2025-03-10,12,316,136,30334.82
Frankfurt,2025-03-17,0,320,297,64780.71
Frankfurt,2025-03-17,4,320,230,46843.86
Frankfurt,2025-03-17,8,320,173,37492.9
Frankfurt,2025-03-17,12,320,133,28589.85
Frankfurt,2025-03-24,0,324,308,68593.82
Frankfurt,2025-03-24,4,324,231,55235.94
Frankfurt,2025-03-24,8,324,184,34171.67
Frankfurt,2025-03-24,12,324,134,27027.53
Frankfurt,2025-03-31,0,321,321,71569.61
Frankfurt,2025-03-31,4,321,244,54368.74
Frankfurt,2025-03-31,8,321,178,38833.58
Frankfurt,2025-03-31,12,321,130,29352.03
Frankfurt,2025-04-07,0,338,320,72074.09
Frankfurt,2025-04-07,4,338,230,48552.53
Frankfurt,2025-04-07,8,338,178,42709.22
Frankfurt,2025-04-07,12,338,135,29444.35
Frankfurt,2025-04-14,0,327,325,68754.21
Frankfurt,2025-04-14,4,327,235,52468.08
Frankfurt,2025-04-14,8,327,172,37012.9
Frankfurt,2025-04-14,12,327,134,31282.8
Frankfurt,2025-04-21,0,317,317,65532.51
Frankfurt,2025-04-21,4,317,240,55480.69
Frankfurt,2025-04-21,8,317,189,41419.48
Frankfurt,2025-04-21,12,317,125,27742.48
Frankfurt,2025-04-28,0,347,325,74338.37
Frankfurt,2025-04-28,4,347,258,55800.47
Frankfurt,2025-04-28,8,347,192,42000.15
Frankfurt,2025-04-28,12,347,133,30171.16
Frankfurt,2025-05-05,0,339,334,66159.9
Frankfurt,2025-05-05,4,339,243,53975.87
Frankfurt,2025-05-05,8,339,189,37354.82
Frankfurt,2025-05-05,12,339,140,30750.64
Frankfurt,2025-05-12,0,318,314,65102.5
Frankfurt,2025-05-12,4,318,226,47126.97
Frankfurt,2025-05-12,8,318,179,37103.69
Frankfurt,2025-05-12,12,318,130,27389.13
Frankfurt,2025-05-19,0,349,332,68896.26
Frankfurt,2025-05-19,4,349,263,61905.96
Frankfurt,2025-05-19,8,349,204,38811.14
Frankfurt,2025-05-19,12,349,141,30961.07
Frankfurt,2025-05-26,0,316,282,64796.7
Frankfurt,2025-05-26,4,316,245,53012.63
Frankfurt,2025-05-26,8,316,170,37604.35
Frankfurt,2025-05-26,12,316,127,27469.26
Frankfurt,2025-06-02,0,363,363,78618.54
Frankfurt,2025-06-02,4,363,276,57970.66
Frankfurt,2025-06-02,8,363,195,43798.02
Frankfurt,2025-06-02,12,363,149,30461.61
Frankfurt,2025-06-09,0,340,340,79751.93
Frankfurt,2025-06-09,4,340,251,54691.13
Frankfurt,2025-06-09,8,340,189,42774.79
Frankfurt,2025-06-09,12,340,140,30489.02
Frankfurt,2025-06-16,0,334,334,65999.79
Frankfurt,2025-06-16,4,334,231,47510.41
Frankfurt,2025-06-16,8,334,180,37849.92
Frankfurt,2025-06-16,12,334,130,28838.35
Frankfurt,2025-06-23,0,351,328,74020.29
Frankfurt,2025-06-23,4,351,256,53941.77
Frankfurt,2025-06-23,8,351,188,41124.99
Frankfurt,2025-06-23,12,351,142,30073.98
Frankfurt,2025-06-30,0,348,330,73984.73
Frankfurt,2025-06-30,4,348,255,56241.09
Frankfurt,2025-06-30,8,348,192,44623.69
Frankfurt,2025-06-30,12,348,145,32591.53
Frankfurt,2025-07-07,0,356,345,79320.65
Frankfurt,2025-07-07,4,356,260,58201.26
Frankfurt,2025-07-07,8,356,191,41202.86
Frankfurt,2025-07-07,12,356,149,33450.78
Frankfurt,2025-07-14,0,302,302,60843.14
Frankfurt,2025-07-14,4,302,228,46438.34
Frankfurt,2025-07-14,8,302,160,35790.12
Frankfurt,2025-07-14,12,302,131,28220.13
Frankfurt,2025-07-21,0,350,350,74437.83
Frankfurt,2025-07-21,4,350,247,50772.46
Frankfurt,2025-07-21,8,350,201,49426.49
Frankfurt,2025-07-21,12,350,135,32280.45
Frankfurt,2025-07-28,0,337,337,74267.75
Frankfurt,2025-07-28,4,337,237,51205.4
Frankfurt,2025-07-28,8,337,176,39201.73
Frankfurt,2025-07-28,12,337,143,30955.8
Frankfurt,2025-08-04,0,341,325,65873.87
Frankfurt,2025-08-04,4,341,245,52495.49
Frankfurt,2025-08-04,8,341,186,40630.43
Frankfurt,2025-08-04,12,341,137,33189.24
Frankfurt,2025-08-11,0,325,317,73389.96
Frankfurt,2025-08-11,4,325,221,49616.55
Frankfurt,2025-08-11,8,325,188,41878.64
Frankfurt,2025-08-11,12,325,133,30077.95
Frankfurt,2025-08-18,0,323,323,77049.02
Frankfurt,2025-08-18,4,323,242,52728.03
Frankfurt,2025-08-18,8,323,169,35763.94
Frankfurt,2025-08-18,12,323,137,27106.47
Frankfurt,2025-08-25,0,329,329,67827.36
Frankfurt,2025-08-25,4,329,258,53280.72
Frankfurt,2025-08-25,8,329,176,35897.68
Frankfurt,2025-08-25,12,329,128,28528.41
Frankfurt,2025-09-01,0,342,311,67369.54
Frankfurt,2025-09-01,4,342,243,51162.82
Frankfurt,2025-09-01,8,342,181,37418.81
Frankfurt,2025-09-01,12,342,133,31183.85
Frankfurt,2025-09-08,0,323,323,76099.46
Frankfurt,2025-09-08,4,323,238,53997.26
Frankfurt,2025-09-08,8,323,174,37386.39
Frankfurt,2025-09-08,12,323,137,28832.46
Frankfurt,2025-09-15,0,336,336,74731.73
Frankfurt,2025-09-15,4,336,253,55380.14
Frankfurt,2025-09-15,8,336,183,40611.84
Frankfurt,2025-09-15,12,336,133,26958.27
Frankfurt,2025-09-22,0,339,337,72028.63
Frankfurt,2025-09-22,4,339,247,55515.68
Frankfurt,2025-09-22,8,339,182,39854.89
Frankfurt,2025-09-22,12,339,137,30303.69
Frankfurt,2025-09-29,0,328,326,75553.89
Frankfurt,2025-09-29,4,328,240,48632.81
Frankfurt,2025-09-29,8,328,180,42368.97
Frankfurt,2025-09-29,12,328,141,31298.33
Frankfurt,2025-10-06,0,314,314,73980.91
Frankfurt,2025-10-06,4,314,224,52707.41
Frankfurt,2025-10-06,8,314,173,38795.6
Frankfurt,2025-10-13,0,318,311,66352.8
Frankfurt,2025-10-13,4,318,237,50018.4
Frankfurt,2025-10-13,8,318,181,40397.37
Frankfurt,2025-10-20,0,317,314,64870.56
Frankfurt,2025-10-20,4,317,213,47816.85
Frankfurt,2025-10-20,8,317,177,38359.29
Frankfurt,2025-10-27,0,331,324,72910.28
Frankfurt,2025-10-27,4,331,237,54872.1
Frankfurt,2025-10-27,8,331,185,39284.07
Frankfurt,2025-11-03,0,317,317,70763.42
Frankfurt,2025-11-03,4,317,231,50803.56
Frankfurt,2025-11-10,0,320,310,61273.19
Frankfurt,2025-11-10,4,320,234,51961.07
Frankfurt,2025-11-17,0,321,313,67528.87
Frankfurt,2025-11-17,4,321,246,52055.46
Frankfurt,2025-11-24,0,328,317,73483.3
Frankfurt,2025-11-24,4,328,234,51331.64
Frankfurt,2025-12-01,0,312,302,66954.52
Frankfurt,2025-12-08,0,313,313,67830.68
Frankfurt,2025-12-15,0,302,302,66859.69
Frankfurt,2025-12-22,0,302,301,68546.48
Stuttgart,2024-01-01,0,239,239,52034.48
Stuttgart,2024-01-01,4,239,173,35214.52
Stuttgart,2024-01-01,8,239,137,26570.04
Stuttgart,2024-01-01,12,239,102,21970.87
Stuttgart,2024-01-08,0,240,235,48467.41
Stuttgart,2024-01-08,4,240,169,34055.18
Stuttgart,2024-01-08,8,240,138,23998.02
Stuttgart,2024-01-08,12,240,104,21331.37
Stuttgart,2024-01-15,0,233,233,47599.57
Stuttgart,2024-01-15,4,233,181,35860.84
Stuttgart,2024-01-15,8,233,131,24214.65
Stuttgart,2024-01-15,12,233,108,20526.39
Stuttgart,2024-01-22,0,276,276,51111.69
Stuttgart,2024-01-22,4,276,209,39932.0
Stuttgart,2024-01-22,8,276,170,33589.29
Stuttgart,2024-01-22,12,276,121,23461.86
Stuttgart,2024-01-29,0,238,238,47337.44
Stuttgart,2024-01-29,4,238,191,37595.98
Stuttgart,2024-01-29,8,238,140,26995.99
Stuttgart,2024-01-29,12,238,112,21615.7
Stuttgart,2024-02-05,0,222,212,43672.82
Stuttgart,2024-02-05,4,222,156,29074.38
Stuttgart,2024-02-05,8,222,127,26324.11
Stuttgart,2024-02-05,12,222,92,19435.46
Stuttgart,2024-02-12,0,234,234,42258.4
Stuttgart,2024-02-12,4,234,178,34802.85
Stuttgart,2024-02-12,8,234,141,28671.95
Stuttgart,2024-02-12,12,234,107,20469.86
Stuttgart,2024-02-19,0,254,251,48325.17
Stuttgart,2024-02-19,4,254,202,38929.75
Stuttgart,2024-02-19,8,254,150,28678.8
Stuttgart,2024-02-19,12,254,113,23636.95
Stuttgart,2024-02-26,0,259,259,53347.9
Stuttgart,2024-02-26,4,259,204,37738.58
Stuttgart,2024-02-26,8,259,155,29947.32
Stuttgart,2024-02-26,12,259,114,21956.68
Stuttgart,2024-03-04,0,254,254,50221.85
Stuttgart,2024-03-04,4,254,199,40647.19
Stuttgart,2024-03-04,8,254,146,29431.84
Stuttgart,2024-03-04,12,254,119,22262.95
Stuttgart,2024-03-11,0,262,256,49801.38
Stuttgart,2024-03-11,4,262,205,39567.71
Stuttgart,2024-03-11,8,262,150,26467.7
Stuttgart,2024-03-11,12,262,122,24230.32
Stuttgart,2024-03-18,0,291,283,56941.12
Stuttgart,2024-03-18,4,291,229,45902.64
Stuttgart,2024-03-18,8,291,173,32216.68
Stuttgart,2024-03-18,12,291,134,25366.66
Stuttgart,2024-03-25,0,263,256,49192.36
Stuttgart,2024-03-25,4,263,200,37479.13
Stuttgart,2024-03-25,8,263,159,29699.41
Stuttgart,2024-03-25,12,263,123,23906.16
Stuttgart,2024-04-01,0,274,258,54585.34
Stuttgart,2024-04-01,4,274,206,42176.14
Stuttgart,2024-04-01,8,274,153,30479.51
Stuttgart,2024-04-01,12,274,120,24734.93
Stuttgart,2024-04-08,0,259,259,48564.44
Stuttgart,2024-04-08,4,259,195,35693.75
Stuttgart,2024-04-08,8,259,153,28612.09
Stuttgart,2024-04-08,12,259,117,22323.48
Stuttgart,2024-04-15,0,259,259,54023.82
Stuttgart,2024-04-15,4,259,190,36711.47
Stuttgart,2024-04-15,8,259,152,28092.88
Stuttgart,2024-04-15,12,259,123,22700.91
Stuttgart,2024-04-22,0,256,254,50064.49
Stuttgart,2024-04-22,4,256,209,39728.16
Stuttgart,2024-04-22,8,256,153,29087.29
Stuttgart,2024-04-22,12,256,115,21289.43
Stuttgart,2024-04-29,0,265,265,51550.65
Stuttgart,2024-04-29,4,265,204,42081.93
Stuttgart,2024-04-29,8,265,158,31190.83
Stuttgart,2024-04-29,12,265,122,25313.28
Stuttgart,2024-05-06,0,265,265,52713.39
Stuttgart,2024-05-06,4,265,211,37144.31
Stuttgart,2024-05-06,8,265,159,32157.1
Stuttgart,2024-05-06,12,265,118,23763.28
Stuttgart,2024-05-13,0,272,272,50710.74
Stuttgart,2024-05-13,4,272,200,35707.33
Stuttgart,2024-05-13,8,272,163,32821.42
Stuttgart,2024-05-13,12,272,119,23824.19
Stuttgart,2024-05-20,0,292,273,49196.23
Stuttgart,2024-05-20,4,292,232,42582.88
Stuttgart,2024-05-20,8,292,178,36337.59
Stuttgart,2024-05-20,12,292,126,24482.5
Stuttgart,2024-05-27,0,271,261,51671.31
Stuttgart,2024-05-27,4,271,209,38176.66
Stuttgart,2024-05-27,8,271,160,30249.36
Stuttgart,2024-05-27,12,271,115,21832.16
Stuttgart,2024-06-03,0,280,280,51526.38
Stuttgart,2024-06-03,4,280,217,42801.74
Stuttgart,2024-06-03,8,280,160,30745.77
Stuttgart,2024-06-03,12,280,131,26603.38
Stuttgart,2024-06-10,0,266,245,47623.4
Stuttgart,2024-06-10,4,266,217,44769.89
Stuttgart,2024-06-10,8,266,155,31385.45
Stuttgart,2024-06-10,12,266,113,22889.74
Stuttgart,2024-06-17,0,274,274,52044.65
Stuttgart,2024-06-17,4,274,214,42852.78
Stuttgart,2024-06-17,8,274,164,30174.85
Stuttgart,2024-06-17,12,274,128,24113.9
Stuttgart,2024-06-24,0,291,276,57737.93
Stuttgart,2024-06-24,4,291,216,38368.61
Stuttgart,2024-06-24,8,291,177,32419.19
Stuttgart,2024-06-24,12,291,126,24395.37
Stuttgart,2024-07-01,0,266,254,49549.38
Stuttgart,2024-07-01,4,266,198,35321.09
Stuttgart,2024-07-01,8,266,159,28977.74
Stuttgart,2024-07-01,12,266,123,25798.86
Stuttgart,2024-07-08,0,305,302,60827.76
Stuttgart,2024-07-08,4,305,240,45588.97
Stuttgart,2024-07-08,8,305,181,33219.07
Stuttgart,2024-07-08,12,305,125,23888.83
Stuttgart,2024-07-15,0,296,294,57099.93
Stuttgart,2024-07-15,4,296,213,39965.0
Stuttgart,2024-07-15,8,296,168,30400.38
Stuttgart,2024-07-15,12,296,145,27879.17
Stuttgart,2024-07-22,0,282,282,50017.15
Stuttgart,2024-07-22,4,282,207,42705.15
Stuttgart,2024-07-22,8,282,168,34021.34
Stuttgart,2024-07-22,12,282,131,24710.99
Stuttgart,2024-07-29,0,261,261,53629.59
Stuttgart,2024-07-29,4,261,199,36293.29
Stuttgart,2024-07-29,8,261,159,30321.77
Stuttgart,2024-07-29,12,261,116,22980.81
Stuttgart,2024-08-05,0,272,272,49409.42
Stuttgart,2024-08-05,4,272,212,41619.45
Stuttgart,2024-08-05,8,272,161,29753.01
Stuttgart,2024-08-05,12,272,124,22960.46
Stuttgart,2024-08-12,0,269,263,52796.7
Stuttgart,2024-08-12,4,269,209,40751.59
Stuttgart,2024-08-12,8,269,165,34616.07
Stuttgart,2024-08-12,12,269,116,22578.77
Stuttgart,2024-08-19,0,269,262,52743.95
Stuttgart,2024-08-19,4,269,204,42658.66
Stuttgart,2024-08-19,8,269,157,32703.62
Stuttgart,2024-08-19,12,269,122,23205.4
Stuttgart,2024-08-26,0,286,278,50719.07
Stuttgart,2024-08-26,4,286,219,47335.51
Stuttgart,2024-08-26,8,286,178,32444.94
Stuttgart,2024-08-26,12,286,124,24918.77
Stuttgart,2024-09-02,0,266,266,49350.66
Stuttgart,2024-09-02,4,266,207,37906.85
Stuttgart,2024-09-02,8,266,164,31119.56
Stuttgart,2024-09-02,12,266,112,22430.86
Stuttgart,2024-09-09,0,300,298,59032.17
Stuttgart,2024-09-09,4,300,243,47937.67
Stuttgart,2024-09-09,8,300,174,34050.36
Stuttgart,2024-09-09,12,300,133,27318.79
Stuttgart,2024-09-16,0,263,256,50672.41
Stuttgart,2024-09-16,4,263,210,38216.61
Stuttgart,2024-09-16,8,263,169,32913.6
Stuttgart,2024-09-16,12,263,124,23311.43
Stuttgart,2024-09-23,0,258,258,49198.52
Stuttgart,2024-09-23,4,258,205,42034.82
Stuttgart,2024-09-23,8,258,143,30960.54
Stuttgart,2024-09-23,12,258,119,21446.56
Stuttgart,2024-09-30,0,256,254,47480.17
Stuttgart,2024-09-30,4,256,203,40685.34
Stuttgart,2024-09-30,8,256,139,27656.72
Stuttgart,2024-09-30,12,256,122,21447.47
Stuttgart,2024-10-07,0,253,238,45614.26
Stuttgart,2024-10-07,4,253,183,37531.93
Stuttgart,2024-10-07,8,253,146,28983.22
Stuttgart,2024-10-07,12,253,110,20342.3
Stuttgart,2024-10-14,0,254,244,47104.14
Stuttgart,2024-10-14,4,254,184,35912.35
Stuttgart,2024-10-14,8,254,155,28867.87
Stuttgart,2024-10-14,12,254,109,19808.75
Stuttgart,2024-10-21,0,270,270,51528.14
Stuttgart,2024-10-21,4,270,206,38292.31
Stuttgart,2024-10-21,8,270,162,32230.78
Stuttgart,2024-10-21,12,270,127,25524.92
Stuttgart,2024-10-28,0,242,242,46773.3
Stuttgart,2024-10-28,4,242,186,37128.34
Stuttgart,2024-10-28,8,242,148,28220.96
Stuttgart,2024-10-28,12,242,114,20794.06
Stuttgart,2024-11-04,0,248,248,45048.82
Stuttgart,2024-11-04,4,248,190,36356.83
Stuttgart,2024-11-04,8,248,148,29689.2
Stuttgart,2024-11-04,12,248,118,23093.21
Stuttgart,2024-11-11,0,261,255,52196.83
Stuttgart,2024-11-11,4,261,200,39022.28
Stuttgart,2024-11-11,8,261,173,31797.32
Stuttgart,2024-11-11,12,261,121,23877.1
Stuttgart,2024-11-18,0,265,265,51073.26
Stuttgart,2024-11-18,4,265,202,37647.92
Stuttgart,2024-11-18,8,265,165,32043.89
Stuttgart,2024-11-18,12,265,113,21552.37
Stuttgart,2024-11-25,0,281,281,54065.92
Stuttgart,2024-11-25,4,281,218,38979.28
Stuttgart,2024-11-25,8,281,167,33572.98
Stuttgart,2024-11-25,12,281,120,22675.66
Stuttgart,2024-12-02,0,270,270,55941.52
Stuttgart,2024-12-02,4,270,199,36044.38
Stuttgart,2024-12-02,8,270,158,31306.14
Stuttgart,2024-12-02,12,270,124,26344.82
Stuttgart,2024-12-09,0,252,252,47312.25
Stuttgart,2024-12-09,4,252,203,40236.68
Stuttgart,2024-12-09,8,252,146,28940.83
Stuttgart,2024-12-09,12,252,112,21374.38
Stuttgart,2024-12-16,0,243,243,46252.4
Stuttgart,2024-12-16,4,243,185,35410.32
Stuttgart,2024-12-16,8,243,147,26747.65
Stuttgart,2024-12-16,12,243,103,18899.11
Stuttgart,2024-12-23,0,269,269,53277.51
Stuttgart,2024-12-23,4,269,212,40852.78
Stuttgart,2024-12-23,8,269,154,29208.08
Stuttgart,2024-12-23,12,269,115,23439.29
Stuttgart,2024-12-30,0,265,260,51447.44
Stuttgart,2024-12-30,4,265,207,43189.16
Stuttgart,2024-12-30,8,265,154,30787.57
Stuttgart,2024-12-30,12,265,126,22526.23
Stuttgart,2025-01-06,0,270,270,51021.65
Stuttgart,2025-01-06,4,270,205,39680.84
Stuttgart,2025-01-06,8,270,153,30386.47
Stuttgart,2025-01-06,12,270,117,22996.82
Stuttgart,2025-01-13,0,262,262,47615.81
Stuttgart,2025-01-13,4,262,216,43189.72
Stuttgart,2025-01-13,8,262,153,28958.33
Stuttgart,2025-01-13,12,262,117,21696.29
Stuttgart,2025-01-20,0,251,240,46918.2
Stuttgart,2025-01-20,4,251,181,34273.54
Stuttgart,2025-01-20,8,251,152,29000.8
Stuttgart,2025-01-20,12,251,118,21543.68
Stuttgart,2025-01-27,0,258,243,49286.58
Stuttgart,2025-01-27,4,258,200,36377.23
Stuttgart,2025-01-27,8,258,160,32056.11
Stuttgart,2025-01-27,12,258,113,21278.92
Stuttgart,2025-02-03,0,242,242,47188.97
Stuttgart,2025-02-03,4,242,205,44054.62
Stuttgart,2025-02-03,8,242,141,27660.22
Stuttgart,2025-02-03,12,242,106,20147.34
Stuttgart,2025-02-10,0,222,217,41619.17
Stuttgart,2025-02-10,4,222,178,34259.97
Stuttgart,2025-02-10,8,222,129,25316.64
Stuttgart,2025-02-10,12,222,95,18706.68
Stuttgart,2025-02-17,0,269,262,46332.2
Stuttgart,2025-02-17,4,269,200,38885.38
Stuttgart,2025-02-17,8,269,160,31834.76
Stuttgart,2025-02-17,12,269,124,24315.76
Stuttgart,2025-02-24,0,251,247,50674.22
Stuttgart,2025-02-24,4,251,178,35364.76
Stuttgart,2025-02-24,8,251,147,28845.71
Stuttgart,2025-02-24,12,251,114,21547.87
Stuttgart,2025-03-03,0,288,278,54023.11
Stuttgart,2025-03-03,4,288,225,45013.54
Stuttgart,2025-03-03,8,288,164,31069.12
Stuttgart,2025-03-03,12,288,137,26604.39
Stuttgart,2025-03-10,0,268,268,54158.56
Stuttgart,2025-03-10,4,268,209,39639.09
Stuttgart,2025-03-10,8,268,157,29736.66
Stuttgart,2025-03-10,12,268,115,22671.04
Stuttgart,2025-03-17,0,291,289,53005.7
Stuttgart,2025-03-17,4,291,249,51225.54
Stuttgart,2025-03-17,8,291,172,34359.22
Stuttgart,2025-03-17,12,291,134,23904.32
Stuttgart,2025-03-24,0,279,279,58872.0
Stuttgart,2025-03-24,4,279,202,39903.14
Stuttgart,2025-03-24,8,279,164,29838.38
Stuttgart,2025-03-24,12,279,130,26566.61
Stuttgart,2025-03-31,0,250,245,47076.4
Stuttgart,2025-03-31,4,250,204,40837.46
Stuttgart,2025-03-31,8,250,146,31630.14
Stuttgart,2025-03-31,12,250,109,22068.6
Stuttgart,2025-04-07,0,286,286,57909.3
Stuttgart,2025-04-07,4,286,222,43224.94
Stuttgart,2025-04-07,8,286,167,30474.37
Stuttgart,2025-04-07,12,286,118,23265.2
Stuttgart,2025-04-14,0,288,285,55475.5
Stuttgart,2025-04-14,4,288,233,40170.24
Stuttgart,2025-04-14,8,288,174,31355.15
Stuttgart,2025-04-14,12,288,124,24994.06
Stuttgart,2025-04-21,0,243,218,37918.91
Stuttgart,2025-04-21,4,243,198,40068.46
Stuttgart,2025-04-21,8,243,139,27129.53
Stuttgart,2025-04-21,12,243,114,20834.39
Stuttgart,2025-04-28,0,326,326,65595.23
Stuttgart,2025-04-28,4,326,257,50970.09
Stuttgart,2025-04-28,8,326,184,34749.85
Stuttgart,2025-04-28,12,326,150,29128.25
Stuttgart,2025-05-05,0,286,280,53739.7
Stuttgart,2025-05-05,4,286,226,45817.36
Stuttgart,2025-05-05,8,286,171,33948.88
Stuttgart,2025-05-05,12,286,134,22985.52
Stuttgart,2025-05-12,0,296,296,51635.34
Stuttgart,2025-05-12,4,296,221,42680.6
Stuttgart,2025-05-12,8,296,183,38206.23
Stuttgart,2025-05-12,12,296,139,27260.78
Stuttgart,2025-05-19,0,309,298,54888.65
Stuttgart,2025-05-19,4,309,252,48142.77
Stuttgart,2025-05-19,8,309,184,36166.07
Stuttgart,2025-05-19,12,309,138,27317.71
Stuttgart,2025-05-26,0,293,283,53251.04
Stuttgart,2025-05-26,4,293,224,45006.63
Stuttgart,2025-05-26,8,293,172,32037.62
Stuttgart,2025-05-26,12,293,127,24809.86
Stuttgart,2025-06-02,0,309,309,63923.37
Stuttgart,2025-06-02,4,309,226,41687.03
Stuttgart,2025-06-02,8,309,188,35605.21
Stuttgart,2025-06-02,12,309,132,24312.14
Stuttgart,2025-06-09,0,298,298,54671.35
Stuttgart,2025-06-09,4,298,214,40360.24
Stuttgart,2025-06-09,8,298,181,36512.75
Stuttgart,2025-06-09,12,298,134,24744.33
Stuttgart,2025-06-16,0,279,262,51783.37
Stuttgart,2025-06-16,4,279,220,43791.06
Stuttgart,2025-06-16,8,279,169,33163.48
Stuttgart,2025-06-16,12,279,128,23560.87
Stuttgart,2025-06-23,0,301,295,61136.15
Stuttgart,2025-06-23,4,301,233,48673.19
Stuttgart,2025-06-23,8,301,181,41817.4
Stuttgart,2025-06-23,12,301,139,25752.53
Stuttgart,2025-06-30,0,295,284,53613.73
Stuttgart,2025-06-30,4,295,228,44347.11
Stuttgart,2025-06-30,8,295,176,32915.13
Stuttgart,2025-06-30,12,295,127,23808.18
Stuttgart,2025-07-07,0,266,266,46349.23
Stuttgart,2025-07-07,4,266,208,40029.73
Stuttgart,2025-07-07,8,266,158,28135.97
Stuttgart,2025-07-07,12,266,120,25144.41
Stuttgart,2025-07-14,0,317,316,62096.85
Stuttgart,2025-07-14,4,317,243,44667.71
Stuttgart,2025-07-14,8,317,193,39564.22
Stuttgart,2025-07-14,12,317,143,25941.36
Stuttgart,2025-07-21,0,298,290,58297.15
Stuttgart,2025-07-21,4,298,228,43388.94
Stuttgart,2025-07-21,8,298,179,31589.31
Stuttgart,2025-07-21,12,298,134,24764.07
Stuttgart,2025-07-28,0,279,272,55761.16
Stuttgart,2025-07-28,4,279,212,40557.61
Stuttgart,2025-07-28,8,279,165,32169.23
Stuttgart,2025-07-28,12,279,127,23018.34
Stuttgart,2025-08-04,0,295,295,60905.74
Stuttgart,2025-08-04,4,295,231,46993.66
Stuttgart,2025-08-04,8,295,169,31933.83
Stuttgart,2025-08-04,12,295,133,26932.0
Stuttgart,2025-08-11,0,272,262,51915.49
Stuttgart,2025-08-11,4,272,208,39728.22
Stuttgart,2025-08-11,8,272,166,32259.29
Stuttgart,2025-08-11,12,272,120,22463.72
Stuttgart,2025-08-18,0,321,312,62126.0
Stuttgart,2025-08-18,4,321,233,45051.28
Stuttgart,2025-08-18,8,321,185,35786.5
Stuttgart,2025-08-18,12,321,152,33980.87
Stuttgart,2025-08-25,0,297,281,54967.54
Stuttgart,2025-08-25,4,297,233,46056.72
Stuttgart,2025-08-25,8,297,173,33787.59
Stuttgart,2025-08-25,12,297,139,26638.67
Stuttgart,2025-09-01,0,294,277,57894.17
Stuttgart,2025-09-01,4,294,230,44429.74
Stuttgart,2025-09-01,8,294,177,34032.62
Stuttgart,2025-09-01,12,294,140,24392.49
Stuttgart,2025-09-08,0,263,262,46504.67
Stuttgart,2025-09-08,4,263,211,43374.18
Stuttgart,2025-09-08,8,263,157,31940.49
Stuttgart,2025-09-08,12,263,121,24270.8
Stuttgart,2025-09-15,0,285,285,51257.5
Stuttgart,2025-09-15,4,285,210,39789.88
Stuttgart,2025-09-15,8,285,166,30707.88
Stuttgart,2025-09-15,12,285,142,29135.99
Stuttgart,2025-09-22,0,287,279,54481.46
Stuttgart,2025-09-22,4,287,222,41912.56
Stuttgart,2025-09-22,8,287,169,32405.59
Stuttgart,2025-09-22,12,287,126,24793.7
Stuttgart,2025-09-29,0,284,284,56520.43
Stuttgart,2025-09-29,4,284,225,43203.4
Stuttgart,2025-09-29,8,284,159,29970.86
Stuttgart,2025-09-29,12,284,135,25586.86
Stuttgart,2025-10-06,0,298,291,55428.36
Stuttgart,2025-10-06,4,298,226,41035.71
Stuttgart,2025-10-06,8,298,174,30732.7
Stuttgart,2025-10-13,0,246,244,45418.35
Stuttgart,2025-10-13,4,246,185,35480.05
Stuttgart,2025-10-13,8,246,149,31224.47
Stuttgart,2025-10-20,0,278,273,53929.73
Stuttgart,2025-10-20,4,278,213,42236.43
Stuttgart,2025-10-20,8,278,161,30841.54
Stuttgart,2025-10-27,0,303,282,57227.18
Stuttgart,2025-10-27,4,303,237,42839.93
Stuttgart,2025-10-27,8,303,188,36535.33
Stuttgart,2025-11-03,0,259,259,47271.68
Stuttgart,2025-11-03,4,259,199,36022.94
Stuttgart,2025-11-10,0,276,262,47165.72
Stuttgart,2025-11-10,4,276,209,37891.28
Stuttgart,2025-11-17,0,258,258,49801.45
Stuttgart,2025-11-17,4,258,203,41368.96
Stuttgart,2025-11-24,0,267,265,47877.63
Stuttgart,2025-11-24,4,267,200,38308.7
Stuttgart,2025-12-01,0,238,238,48311.55
Stuttgart,2025-12-08,0,273,257,48468.24
Stuttgart,2025-12-15,0,259,259,48168.39
Stuttgart,2025-12-22,0,265,265,51254.95
